"Echantillon";"AUC";"Espece";"Model";"Type";"blocs"
1;0,577563073850653;"F. albida";"Non";"bioclim";"Avec blocs"
2;0,598770118194392;"F. albida";"Non";"bioclim";"Avec blocs"
3;0,654364161160278;"F. albida";"Non";"bioclim";"Avec blocs"
4;0,656456395099652;"F. albida";"Non";"bioclim";"Avec blocs"
5;0,67890522968027;"F. albida";"Non";"bioclim";"Avec blocs"
1;0,647454551439787;"F. albida";"Oui";"bioclim";"Avec blocs"
2;0,676431456683013;"F. albida";"Oui";"bioclim";"Avec blocs"
3;0,651263686457861;"F. albida";"Oui";"bioclim";"Avec blocs"
4;0,649154369414276;"F. albida";"Oui";"bioclim";"Avec blocs"
5;0,657069379726222;"F. albida";"Oui";"bioclim";"Avec blocs"
1;0,678755555217049;"B. aegyptiaca";"Non";"bioclim";"Avec blocs"
2;0,623984245439469;"B. aegyptiaca";"Non";"bioclim";"Avec blocs"
3;0,448185907538744;"B. aegyptiaca";"Non";"bioclim";"Avec blocs"
4;0,625898015108873;"B. aegyptiaca";"Non";"bioclim";"Avec blocs"
5;0,506036831060287;"B. aegyptiaca";"Non";"bioclim";"Avec blocs"
1;0,699356032765784;"B. aegyptiaca";"Oui";"bioclim";"Avec blocs"
2;0,639968128109453;"B. aegyptiaca";"Oui";"bioclim";"Avec blocs"
3;0,468132716049383;"B. aegyptiaca";"Oui";"bioclim";"Avec blocs"
4;0,562522218930529;"B. aegyptiaca";"Oui";"bioclim";"Avec blocs"
5;0,573617475490529;"B. aegyptiaca";"Oui";"bioclim";"Avec blocs"
1;0,529957479706223;"A. leiocarpus";"Non";"bioclim";"Avec blocs"
2;0,597122092848873;"A. leiocarpus";"Non";"bioclim";"Avec blocs"
3;0,752013449899126;"A. leiocarpus";"Non";"bioclim";"Avec blocs"
4;0,434853784963082;"A. leiocarpus";"Non";"bioclim";"Avec blocs"
5;0,680901224489796;"A. leiocarpus";"Non";"bioclim";"Avec blocs"
1;0,605527638190955;"A. leiocarpus";"Oui";"bioclim";"Avec blocs"
2;0,633741549240856;"A. leiocarpus";"Oui";"bioclim";"Avec blocs"
3;0,546628110289173;"A. leiocarpus";"Oui";"bioclim";"Avec blocs"
4;0,4730427602277;"A. leiocarpus";"Oui";"bioclim";"Avec blocs"
5;0,557108571428571;"A. leiocarpus";"Oui";"bioclim";"Avec blocs"
1;0,764655806501274;"A. digitata";"Non";"bioclim";"Avec blocs"
2;0,65072665774606;"A. digitata";"Non";"bioclim";"Avec blocs"
3;0,688238492565644;"A. digitata";"Non";"bioclim";"Avec blocs"
4;0,75977824795796;"A. digitata";"Non";"bioclim";"Avec blocs"
5;0,576092145347194;"A. digitata";"Non";"bioclim";"Avec blocs"
1;0,793860794498834;"A. digitata";"Oui";"bioclim";"Avec blocs"
2;0,688949598572703;"A. digitata";"Oui";"bioclim";"Avec blocs"
3;0,575667806864916;"A. digitata";"Oui";"bioclim";"Avec blocs"
4;0,636976462389422;"A. digitata";"Oui";"bioclim";"Avec blocs"
5;0,680472765721345;"A. digitata";"Oui";"bioclim";"Avec blocs"
1;0,678022671457158;"A. nilotica";"Non";"bioclim";"Avec blocs"
2;0,554214296227248;"A. nilotica";"Non";"bioclim";"Avec blocs"
3;0,559001879040734;"A. nilotica";"Non";"bioclim";"Avec blocs"
4;0,567296965640339;"A. nilotica";"Non";"bioclim";"Avec blocs"
5;0,385343769183548;"A. nilotica";"Non";"bioclim";"Avec blocs"
1;0,595247407676915;"A. nilotica";"Oui";"bioclim";"Avec blocs"
2;0,595351518422215;"A. nilotica";"Oui";"bioclim";"Avec blocs"
3;0,501242077773177;"A. nilotica";"Oui";"bioclim";"Avec blocs"
4;0,570665997322624;"A. nilotica";"Oui";"bioclim";"Avec blocs"
5;0,445861469204011;"A. nilotica";"Oui";"bioclim";"Avec blocs"
1;0,509026969390481;"F. albida";"Non";"bioclim";"Sans blocs"
2;0,521377133946551;"F. albida";"Non";"bioclim";"Sans blocs"
3;0,517773904269348;"F. albida";"Non";"bioclim";"Sans blocs"
4;0,553261131747793;"F. albida";"Non";"bioclim";"Sans blocs"
5;0,511957176595334;"F. albida";"Non";"bioclim";"Sans blocs"
1;0,553077649708026;"F. albida";"Oui";"bioclim";"Sans blocs"
2;0,559764853320323;"F. albida";"Oui";"bioclim";"Sans blocs"
3;0,557862923231606;"F. albida";"Oui";"bioclim";"Sans blocs"
4;0,578104346567611;"F. albida";"Oui";"bioclim";"Sans blocs"
5;0,556286750530172;"F. albida";"Oui";"bioclim";"Sans blocs"
1;0,46943434285587;"B. aegyptiaca";"Non";"bioclim";"Sans blocs"
2;0,485475467541626;"B. aegyptiaca";"Non";"bioclim";"Sans blocs"
3;0,48793965049788;"B. aegyptiaca";"Non";"bioclim";"Sans blocs"
4;0,450560914961953;"B. aegyptiaca";"Non";"bioclim";"Sans blocs"
5;0,466943055760128;"B. aegyptiaca";"Non";"bioclim";"Sans blocs"
1;0,548237869344304;"B. aegyptiaca";"Oui";"bioclim";"Sans blocs"
2;0,535509269242201;"B. aegyptiaca";"Oui";"bioclim";"Sans blocs"
3;0,511515022675737;"B. aegyptiaca";"Oui";"bioclim";"Sans blocs"
4;0,535227704421702;"B. aegyptiaca";"Oui";"bioclim";"Sans blocs"
5;0,543159442138795;"B. aegyptiaca";"Oui";"bioclim";"Sans blocs"
1;0,51965971882213;"A. leiocarpus";"Non";"bioclim";"Sans blocs"
2;0,52915989059728;"A. leiocarpus";"Non";"bioclim";"Sans blocs"
3;0,517876127858991;"A. leiocarpus";"Non";"bioclim";"Sans blocs"
4;0,494803721352394;"A. leiocarpus";"Non";"bioclim";"Sans blocs"
5;0,566009667599774;"A. leiocarpus";"Non";"bioclim";"Sans blocs"
1;0,54211547877177;"A. leiocarpus";"Oui";"bioclim";"Sans blocs"
2;0,535116055588409;"A. leiocarpus";"Oui";"bioclim";"Sans blocs"
3;0,554987060222424;"A. leiocarpus";"Oui";"bioclim";"Sans blocs"
4;0,506693896074427;"A. leiocarpus";"Oui";"bioclim";"Sans blocs"
5;0,55417947776605;"A. leiocarpus";"Oui";"bioclim";"Sans blocs"
1;0,619610537287975;"A. digitata";"Non";"bioclim";"Sans blocs"
2;0,614140724758927;"A. digitata";"Non";"bioclim";"Sans blocs"
3;0,596558361923095;"A. digitata";"Non";"bioclim";"Sans blocs"
4;0,582956940680518;"A. digitata";"Non";"bioclim";"Sans blocs"
5;0,631412621433333;"A. digitata";"Non";"bioclim";"Sans blocs"
1;0,642705865630626;"A. digitata";"Oui";"bioclim";"Sans blocs"
2;0,621752674915239;"A. digitata";"Oui";"bioclim";"Sans blocs"
3;0,648498584742123;"A. digitata";"Oui";"bioclim";"Sans blocs"
4;0,619725797952424;"A. digitata";"Oui";"bioclim";"Sans blocs"
5;0,664235879637875;"A. digitata";"Oui";"bioclim";"Sans blocs"
1;0,502846211272863;"A. nilotica";"Non";"bioclim";"Sans blocs"
2;0,471453182875355;"A. nilotica";"Non";"bioclim";"Sans blocs"
3;0,517667050338153;"A. nilotica";"Non";"bioclim";"Sans blocs"
4;0,510574928050331;"A. nilotica";"Non";"bioclim";"Sans blocs"
5;0,538466097676624;"A. nilotica";"Non";"bioclim";"Sans blocs"
1;0,559812854185755;"A. nilotica";"Oui";"bioclim";"Sans blocs"
2;0,551602205185632;"A. nilotica";"Oui";"bioclim";"Sans blocs"
3;0,631896721992549;"A. nilotica";"Oui";"bioclim";"Sans blocs"
4;0,565089351449033;"A. nilotica";"Oui";"bioclim";"Sans blocs"
5;0,600403034613561;"A. nilotica";"Oui";"bioclim";"Sans blocs"
1;0,563573256742188;"F. albida";"Non";"domain";"Avec blocs"
2;0,614344036841443;"F. albida";"Non";"domain";"Avec blocs"
3;0,588758021039574;"F. albida";"Non";"domain";"Avec blocs"
4;0,591916516070093;"F. albida";"Non";"domain";"Avec blocs"
5;0,619229373921736;"F. albida";"Non";"domain";"Avec blocs"
1;0,63420677963312;"F. albida";"Oui";"domain";"Avec blocs"
2;0,590783090238484;"F. albida";"Oui";"domain";"Avec blocs"
3;0,669412704849598;"F. albida";"Oui";"domain";"Avec blocs"
4;0,613603596938985;"F. albida";"Oui";"domain";"Avec blocs"
5;0,632976733686977;"F. albida";"Oui";"domain";"Avec blocs"
1;0,646599083746206;"B. aegyptiaca";"Non";"domain";"Avec blocs"
2;0,529925891376451;"B. aegyptiaca";"Non";"domain";"Avec blocs"
3;0,406039860782769;"B. aegyptiaca";"Non";"domain";"Avec blocs"
4;0,601279440082951;"B. aegyptiaca";"Non";"domain";"Avec blocs"
5;0,499250551831355;"B. aegyptiaca";"Non";"domain";"Avec blocs"
1;0,64956567437574;"B. aegyptiaca";"Oui";"domain";"Avec blocs"
2;0,630300321310116;"B. aegyptiaca";"Oui";"domain";"Avec blocs"
3;0,498727672708169;"B. aegyptiaca";"Oui";"domain";"Avec blocs"
4;0,673431713820175;"B. aegyptiaca";"Oui";"domain";"Avec blocs"
5;0,545712032416409;"B. aegyptiaca";"Oui";"domain";"Avec blocs"
1;0,536574700425203;"A. leiocarpus";"Non";"domain";"Avec blocs"
2;0,648138583451809;"A. leiocarpus";"Non";"domain";"Avec blocs"
3;0,739429724277068;"A. leiocarpus";"Non";"domain";"Avec blocs"
4;0,473857186891124;"A. leiocarpus";"Non";"domain";"Avec blocs"
5;0,653343673469388;"A. leiocarpus";"Non";"domain";"Avec blocs"
1;0,657511113258601;"A. leiocarpus";"Oui";"domain";"Avec blocs"
2;0,558589030659684;"A. leiocarpus";"Oui";"domain";"Avec blocs"
3;0,731359784801614;"A. leiocarpus";"Oui";"domain";"Avec blocs"
4;0,556938604106633;"A. leiocarpus";"Oui";"domain";"Avec blocs"
5;0,672287346938775;"A. leiocarpus";"Oui";"domain";"Avec blocs"
1;0,74367291781892;"A. digitata";"Non";"domain";"Avec blocs"
2;0,744034344335415;"A. digitata";"Non";"domain";"Avec blocs"
3;0,736645839924075;"A. digitata";"Non";"domain";"Avec blocs"
4;0,725184427130094;"A. digitata";"Non";"domain";"Avec blocs"
5;0,584872753158925;"A. digitata";"Non";"domain";"Avec blocs"
1;0,470051487903479;"A. digitata";"Oui";"domain";"Avec blocs"
2;0,690343443354148;"A. digitata";"Oui";"domain";"Avec blocs"
3;0,632604397342613;"A. digitata";"Oui";"domain";"Avec blocs"
4;0,583905397515021;"A. digitata";"Oui";"domain";"Avec blocs"
5;0,63793850695644;"A. digitata";"Oui";"domain";"Avec blocs"
1;0,755257981626342;"A. nilotica";"Non";"domain";"Avec blocs"
2;0,566720633207411;"A. nilotica";"Non";"domain";"Avec blocs"
3;0,581543998216504;"A. nilotica";"Non";"domain";"Avec blocs"
4;0,679858322177599;"A. nilotica";"Non";"domain";"Avec blocs"
5;0,329465930018416;"A. nilotica";"Non";"domain";"Avec blocs"
1;0,651533791158814;"A. nilotica";"Oui";"domain";"Avec blocs"
2;0,609955191417685;"A. nilotica";"Oui";"domain";"Avec blocs"
3;0,482244657473168;"A. nilotica";"Oui";"domain";"Avec blocs"
4;0,689837126282909;"A. nilotica";"Oui";"domain";"Avec blocs"
5;0,535747902598731;"A. nilotica";"Oui";"domain";"Avec blocs"
1;0,497628907293615;"F. albida";"Non";"domain";"Sans blocs"
2;0,494723430003683;"F. albida";"Non";"domain";"Sans blocs"
3;0,494116810189718;"F. albida";"Non";"domain";"Sans blocs"
4;0,520260263399103;"F. albida";"Non";"domain";"Sans blocs"
5;0,488967611336032;"F. albida";"Non";"domain";"Sans blocs"
1;0,507609442387695;"F. albida";"Oui";"domain";"Sans blocs"
2;0,507063129899886;"F. albida";"Oui";"domain";"Sans blocs"
3;0,522373695530282;"F. albida";"Oui";"domain";"Sans blocs"
4;0,535234454146365;"F. albida";"Oui";"domain";"Sans blocs"
5;0,538566367842684;"F. albida";"Oui";"domain";"Sans blocs"
1;0,458575532838912;"B. aegyptiaca";"Non";"domain";"Sans blocs"
2;0,465603855725017;"B. aegyptiaca";"Non";"domain";"Sans blocs"
3;0,454915027605245;"B. aegyptiaca";"Non";"domain";"Sans blocs"
4;0,413554629491061;"B. aegyptiaca";"Non";"domain";"Sans blocs"
5;0,446544558716076;"B. aegyptiaca";"Non";"domain";"Sans blocs"
1;0,524299490625408;"B. aegyptiaca";"Oui";"domain";"Sans blocs"
2;0,522424222997978;"B. aegyptiaca";"Oui";"domain";"Sans blocs"
3;0,529663314601203;"B. aegyptiaca";"Oui";"domain";"Sans blocs"
4;0,513548010176477;"B. aegyptiaca";"Oui";"domain";"Sans blocs"
5;0,526199202312773;"B. aegyptiaca";"Oui";"domain";"Sans blocs"
1;0,547585157725397;"A. leiocarpus";"Non";"domain";"Sans blocs"
2;0,537921348314607;"A. leiocarpus";"Non";"domain";"Sans blocs"
3;0,52982094145625;"A. leiocarpus";"Non";"domain";"Sans blocs"
4;0,533509189925119;"A. leiocarpus";"Non";"domain";"Sans blocs"
5;0,564168311076438;"A. leiocarpus";"Non";"domain";"Sans blocs"
1;0,547765265440302;"A. leiocarpus";"Oui";"domain";"Sans blocs"
2;0,537110068007096;"A. leiocarpus";"Oui";"domain";"Sans blocs"
3;0,54507239280968;"A. leiocarpus";"Oui";"domain";"Sans blocs"
4;0,551639437258906;"A. leiocarpus";"Oui";"domain";"Sans blocs"
5;0,56179347742952;"A. leiocarpus";"Oui";"domain";"Sans blocs"
1;0,615746707097508;"A. digitata";"Non";"domain";"Sans blocs"
2;0,63361917132667;"A. digitata";"Non";"domain";"Sans blocs"
3;0,593000812414942;"A. digitata";"Non";"domain";"Sans blocs"
4;0,620518574977416;"A. digitata";"Non";"domain";"Sans blocs"
5;0,630048802332741;"A. digitata";"Non";"domain";"Sans blocs"
1;0,552153416090211;"A. digitata";"Oui";"domain";"Sans blocs"
2;0,519087666769407;"A. digitata";"Oui";"domain";"Sans blocs"
3;0,539293457731137;"A. digitata";"Oui";"domain";"Sans blocs"
4;0,542195968834688;"A. digitata";"Oui";"domain";"Sans blocs"
5;0,523861745383116;"A. digitata";"Oui";"domain";"Sans blocs"
1;0,500492042485324;"A. nilotica";"Non";"domain";"Sans blocs"
2;0,5032259453872;"A. nilotica";"Non";"domain";"Sans blocs"
3;0,550569718103619;"A. nilotica";"Non";"domain";"Sans blocs"
4;0,510541463088147;"A. nilotica";"Non";"domain";"Sans blocs"
5;0,550320056899004;"A. nilotica";"Non";"domain";"Sans blocs"
1;0,515151515151515;"A. nilotica";"Oui";"domain";"Sans blocs"
2;0,498436557843053;"A. nilotica";"Oui";"domain";"Sans blocs"
3;0,501886573995246;"A. nilotica";"Oui";"domain";"Sans blocs"
4;0,47886687638043;"A. nilotica";"Oui";"domain";"Sans blocs"
5;0,529131104788999;"A. nilotica";"Oui";"domain";"Sans blocs"
1;0,606882741729235;"F. albida";"Non";"GLM";"Avec blocs"
2;0,602320299470802;"F. albida";"Non";"GLM";"Avec blocs"
3;0,618304290550745;"F. albida";"Non";"GLM";"Avec blocs"
4;0,602199763589645;"F. albida";"Non";"GLM";"Avec blocs"
5;0,601393020194621;"F. albida";"Non";"GLM";"Avec blocs"
1;0,599484012643129;"F. albida";"Oui";"GLM";"Avec blocs"
2;0,616211898193705;"F. albida";"Oui";"GLM";"Avec blocs"
3;0,620458731104053;"F. albida";"Oui";"GLM";"Avec blocs"
4;0,600528070630449;"F. albida";"Oui";"GLM";"Avec blocs"
5;0,597678267981686;"F. albida";"Oui";"GLM";"Avec blocs"
1;0,621592337099173;"B. aegyptiaca";"Non";"GLM";"Avec blocs"
2;0,610626566235999;"B. aegyptiaca";"Non";"GLM";"Avec blocs"
3;0,642918959878759;"B. aegyptiaca";"Non";"GLM";"Avec blocs"
4;0,622651928706247;"B. aegyptiaca";"Non";"GLM";"Avec blocs"
5;0,606923228396947;"B. aegyptiaca";"Non";"GLM";"Avec blocs"
1;0,611194693602605;"B. aegyptiaca";"Oui";"GLM";"Avec blocs"
2;0,605648562276276;"B. aegyptiaca";"Oui";"GLM";"Avec blocs"
3;0,632482917231661;"B. aegyptiaca";"Oui";"GLM";"Avec blocs"
4;0,618452514155901;"B. aegyptiaca";"Oui";"GLM";"Avec blocs"
5;0,613686737148368;"B. aegyptiaca";"Oui";"GLM";"Avec blocs"
1;0,586932171188287;"A. leiocarpus";"Non";"GLM";"Avec blocs"
2;0,602822393993136;"A. leiocarpus";"Non";"GLM";"Avec blocs"
3;0,63747002195803;"A. leiocarpus";"Non";"GLM";"Avec blocs"
4;0,604193585078572;"A. leiocarpus";"Non";"GLM";"Avec blocs"
5;0,606853956495037;"A. leiocarpus";"Non";"GLM";"Avec blocs"
1;0,589415863312621;"A. leiocarpus";"Oui";"GLM";"Avec blocs"
2;0,587933592655214;"A. leiocarpus";"Oui";"GLM";"Avec blocs"
3;0,633415310428782;"A. leiocarpus";"Oui";"GLM";"Avec blocs"
4;0,594976302971814;"A. leiocarpus";"Oui";"GLM";"Avec blocs"
5;0,602448960468918;"A. leiocarpus";"Oui";"GLM";"Avec blocs"
1;0,606663960776712;"A. digitata";"Non";"GLM";"Avec blocs"
2;0,575669662986486;"A. digitata";"Non";"GLM";"Avec blocs"
3;0,597415894587526;"A. digitata";"Non";"GLM";"Avec blocs"
4;0,582639149415095;"A. digitata";"Non";"GLM";"Avec blocs"
5;0,601415119318246;"A. digitata";"Non";"GLM";"Avec blocs"
1;0,608921157636264;"A. digitata";"Oui";"GLM";"Avec blocs"
2;0,577290960797702;"A. digitata";"Oui";"GLM";"Avec blocs"
3;0,575884399832781;"A. digitata";"Oui";"GLM";"Avec blocs"
4;0,571587983015586;"A. digitata";"Oui";"GLM";"Avec blocs"
5;0,589706460849469;"A. digitata";"Oui";"GLM";"Avec blocs"
1;0,594522061346511;"A. nilotica";"Non";"GLM";"Avec blocs"
2;0,623633032968744;"A. nilotica";"Non";"GLM";"Avec blocs"
3;0,6132214401579;"A. nilotica";"Non";"GLM";"Avec blocs"
4;0,654139766382057;"A. nilotica";"Non";"GLM";"Avec blocs"
5;0,583453158345117;"A. nilotica";"Non";"GLM";"Avec blocs"
1;0,597868145931168;"A. nilotica";"Oui";"GLM";"Avec blocs"
2;0,631898851459933;"A. nilotica";"Oui";"GLM";"Avec blocs"
3;0,611155807252969;"A. nilotica";"Oui";"GLM";"Avec blocs"
4;0,616440845636014;"A. nilotica";"Oui";"GLM";"Avec blocs"
5;0,62556486138867;"A. nilotica";"Oui";"GLM";"Avec blocs"
1;0,4955387840931;"F. albida";"Non";"GLM";"Sans blocs"
2;0,507322294281113;"F. albida";"Non";"GLM";"Sans blocs"
3;0,502382786777216;"F. albida";"Non";"GLM";"Sans blocs"
4;0,509744176590771;"F. albida";"Non";"GLM";"Sans blocs"
5;0,499418212763495;"F. albida";"Non";"GLM";"Sans blocs"
1;0,502708715539409;"F. albida";"Oui";"GLM";"Sans blocs"
2;0,508084983975438;"F. albida";"Oui";"GLM";"Sans blocs"
3;0,50148403625906;"F. albida";"Oui";"GLM";"Sans blocs"
4;0,512291733599288;"F. albida";"Oui";"GLM";"Sans blocs"
5;0,497464103874564;"F. albida";"Oui";"GLM";"Sans blocs"
1;0,531267021691658;"B. aegyptiaca";"Non";"GLM";"Sans blocs"
2;0,530983839812837;"B. aegyptiaca";"Non";"GLM";"Sans blocs"
3;0,532334291532511;"B. aegyptiaca";"Non";"GLM";"Sans blocs"
4;0,527864366366394;"B. aegyptiaca";"Non";"GLM";"Sans blocs"
5;0,534294700875243;"B. aegyptiaca";"Non";"GLM";"Sans blocs"
1;0,517586530181261;"B. aegyptiaca";"Oui";"GLM";"Sans blocs"
2;0,522519683921026;"B. aegyptiaca";"Oui";"GLM";"Sans blocs"
3;0,524988043054864;"B. aegyptiaca";"Oui";"GLM";"Sans blocs"
4;0,510088401681036;"B. aegyptiaca";"Oui";"GLM";"Sans blocs"
5;0,524342152015821;"B. aegyptiaca";"Oui";"GLM";"Sans blocs"
1;0,519294649353557;"A. leiocarpus";"Non";"GLM";"Sans blocs"
2;0,523068101205959;"A. leiocarpus";"Non";"GLM";"Sans blocs"
3;0,515884381821235;"A. leiocarpus";"Non";"GLM";"Sans blocs"
4;0,509024866774336;"A. leiocarpus";"Non";"GLM";"Sans blocs"
5;0,508026228013269;"A. leiocarpus";"Non";"GLM";"Sans blocs"
1;0,522865478256003;"A. leiocarpus";"Oui";"GLM";"Sans blocs"
2;0,517744443130764;"A. leiocarpus";"Oui";"GLM";"Sans blocs"
3;0,517573109643477;"A. leiocarpus";"Oui";"GLM";"Sans blocs"
4;0,512372445121914;"A. leiocarpus";"Oui";"GLM";"Sans blocs"
5;0,522478564084361;"A. leiocarpus";"Oui";"GLM";"Sans blocs"
1;0,49926364098209;"A. digitata";"Non";"GLM";"Sans blocs"
2;0,504477019032695;"A. digitata";"Non";"GLM";"Sans blocs"
3;0,515241715345128;"A. digitata";"Non";"GLM";"Sans blocs"
4;0,492328864281354;"A. digitata";"Non";"GLM";"Sans blocs"
5;0,487043486316424;"A. digitata";"Non";"GLM";"Sans blocs"
1;0,480979682595047;"A. digitata";"Oui";"GLM";"Sans blocs"
2;0,496810020775745;"A. digitata";"Oui";"GLM";"Sans blocs"
3;0,511601052966099;"A. digitata";"Oui";"GLM";"Sans blocs"
4;0,505054233464931;"A. digitata";"Oui";"GLM";"Sans blocs"
5;0,504974503949368;"A. digitata";"Oui";"GLM";"Sans blocs"
1;0,4843919707831;"A. nilotica";"Non";"GLM";"Sans blocs"
2;0,487088151968931;"A. nilotica";"Non";"GLM";"Sans blocs"
3;0,475279337410708;"A. nilotica";"Non";"GLM";"Sans blocs"
4;0,516936777504387;"A. nilotica";"Non";"GLM";"Sans blocs"
5;0,544397594289847;"A. nilotica";"Non";"GLM";"Sans blocs"
1;0,468678043879657;"A. nilotica";"Oui";"GLM";"Sans blocs"
2;0,496102610028503;"A. nilotica";"Oui";"GLM";"Sans blocs"
3;0,478848970460605;"A. nilotica";"Oui";"GLM";"Sans blocs"
4;0,513290657549415;"A. nilotica";"Oui";"GLM";"Sans blocs"
5;0,545513006722709;"A. nilotica";"Oui";"GLM";"Sans blocs"
1;0,546903298192482;"F. albida";"Non";"mahal";"Avec blocs"
2;0,610122621442642;"F. albida";"Non";"mahal";"Avec blocs"
3;0,620065718852127;"F. albida";"Non";"mahal";"Avec blocs"
4;0,602328522462668;"F. albida";"Non";"mahal";"Avec blocs"
5;0,633338002450783;"F. albida";"Non";"mahal";"Avec blocs"
1;0,648101269295235;"F. albida";"Oui";"mahal";"Avec blocs"
2;0,677050981809799;"F. albida";"Oui";"mahal";"Avec blocs"
3;0,64883888743112;"F. albida";"Oui";"mahal";"Avec blocs"
4;0,641360336209053;"F. albida";"Oui";"mahal";"Avec blocs"
5;0,683521609616098;"F. albida";"Oui";"mahal";"Avec blocs"
1;0,592035142103119;"B. aegyptiaca";"Non";"mahal";"Avec blocs"
2;0,616504716003317;"B. aegyptiaca";"Non";"mahal";"Avec blocs"
3;0,456133438402942;"B. aegyptiaca";"Non";"mahal";"Avec blocs"
4;0,650235150348097;"B. aegyptiaca";"Non";"mahal";"Avec blocs"
5;0,567372829501108;"B. aegyptiaca";"Non";"mahal";"Avec blocs"
1;0,667654641628997;"B. aegyptiaca";"Oui";"mahal";"Avec blocs"
2;0,668155317164179;"B. aegyptiaca";"Oui";"mahal";"Avec blocs"
3;0,508904649330181;"B. aegyptiaca";"Oui";"mahal";"Avec blocs"
4;0,791006887868464;"B. aegyptiaca";"Oui";"mahal";"Avec blocs"
5;0,638029905406814;"B. aegyptiaca";"Oui";"mahal";"Avec blocs"
1;0,698403073057596;"A. leiocarpus";"Non";"mahal";"Avec blocs"
2;0,62579318660356;"A. leiocarpus";"Non";"mahal";"Avec blocs"
3;0,663230665770007;"A. leiocarpus";"Non";"mahal";"Avec blocs"
4;0,587516366299703;"A. leiocarpus";"Non";"mahal";"Avec blocs"
5;0,664016326530612;"A. leiocarpus";"Non";"mahal";"Avec blocs"
1;0,54811799381523;"A. leiocarpus";"Oui";"mahal";"Avec blocs"
2;0,589911578214888;"A. leiocarpus";"Oui";"mahal";"Avec blocs"
3;0,55413584398117;"A. leiocarpus";"Oui";"mahal";"Avec blocs"
4;0,570257873498047;"A. leiocarpus";"Oui";"mahal";"Avec blocs"
5;0,596829387755102;"A. leiocarpus";"Oui";"mahal";"Avec blocs"
1;0,736887690228702;"A. digitata";"Non";"mahal";"Avec blocs"
2;0,709922316384181;"A. digitata";"Non";"mahal";"Avec blocs"
3;0,74021472635242;"A. digitata";"Non";"mahal";"Avec blocs"
4;0,659905071039761;"A. digitata";"Non";"mahal";"Avec blocs"
5;0,591915559603446;"A. digitata";"Non";"mahal";"Avec blocs"
1;0,643251549483695;"A. digitata";"Oui";"mahal";"Avec blocs"
2;0,629224278917633;"A. digitata";"Oui";"mahal";"Avec blocs"
3;0,711609261309712;"A. digitata";"Oui";"mahal";"Avec blocs"
4;0,709987631610339;"A. digitata";"Oui";"mahal";"Avec blocs"
5;0,732792625859741;"A. digitata";"Oui";"mahal";"Avec blocs"
1;0,550728806621794;"A. nilotica";"Non";"mahal";"Avec blocs"
2;0,572264468756644;"A. nilotica";"Non";"mahal";"Avec blocs"
3;0,631806745437753;"A. nilotica";"Non";"mahal";"Avec blocs"
4;0,593775100401606;"A. nilotica";"Non";"mahal";"Avec blocs"
5;0,491160220994475;"A. nilotica";"Non";"mahal";"Avec blocs"
1;0,583252228488266;"A. nilotica";"Oui";"mahal";"Avec blocs"
2;0,601332810021423;"A. nilotica";"Oui";"mahal";"Avec blocs"
3;0,594964807796427;"A. nilotica";"Oui";"mahal";"Avec blocs"
4;0,525256581883088;"A. nilotica";"Oui";"mahal";"Avec blocs"
5;0,571209330877839;"A. nilotica";"Oui";"mahal";"Avec blocs"
1;0,537366775123087;"F. albida";"Non";"mahal";"Sans blocs"
2;0,550082870549744;"F. albida";"Non";"mahal";"Sans blocs"
3;0,554074895002815;"F. albida";"Non";"mahal";"Sans blocs"
4;0,546120772830334;"F. albida";"Non";"mahal";"Sans blocs"
5;0,545374252940042;"F. albida";"Non";"mahal";"Sans blocs"
1;0,537135390824778;"F. albida";"Oui";"mahal";"Sans blocs"
2;0,549915455297736;"F. albida";"Oui";"mahal";"Sans blocs"
3;0,553943387000554;"F. albida";"Oui";"mahal";"Sans blocs"
4;0,5452246852236;"F. albida";"Oui";"mahal";"Sans blocs"
5;0,545242914979757;"F. albida";"Oui";"mahal";"Sans blocs"
1;0,686642359222035;"B. aegyptiaca";"Non";"mahal";"Sans blocs"
2;0,692417637494245;"B. aegyptiaca";"Non";"mahal";"Sans blocs"
3;0,686372375036971;"B. aegyptiaca";"Non";"mahal";"Sans blocs"
4;0,69362070751839;"B. aegyptiaca";"Non";"mahal";"Sans blocs"
5;0,667133091312372;"B. aegyptiaca";"Non";"mahal";"Sans blocs"
1;0,681612245352474;"B. aegyptiaca";"Oui";"mahal";"Sans blocs"
2;0,68950661172919;"B. aegyptiaca";"Oui";"mahal";"Sans blocs"
3;0,683491693778961;"B. aegyptiaca";"Oui";"mahal";"Sans blocs"
4;0,690633382066838;"B. aegyptiaca";"Oui";"mahal";"Sans blocs"
5;0,665853672624772;"B. aegyptiaca";"Oui";"mahal";"Sans blocs"
1;0,700627754074281;"A. leiocarpus";"Non";"mahal";"Sans blocs"
2;0,674299600827913;"A. leiocarpus";"Non";"mahal";"Sans blocs"
3;0,680691753514723;"A. leiocarpus";"Non";"mahal";"Sans blocs"
4;0,673880568792073;"A. leiocarpus";"Non";"mahal";"Sans blocs"
5;0,688409205635354;"A. leiocarpus";"Non";"mahal";"Sans blocs"
1;0,700326991676576;"A. leiocarpus";"Oui";"mahal";"Sans blocs"
2;0,674761605558841;"A. leiocarpus";"Oui";"mahal";"Sans blocs"
3;0,68197873679793;"A. leiocarpus";"Oui";"mahal";"Sans blocs"
4;0,675340367597005;"A. leiocarpus";"Oui";"mahal";"Sans blocs"
5;0,690699906689306;"A. leiocarpus";"Oui";"mahal";"Sans blocs"
1;0,797100350611201;"A. digitata";"Non";"mahal";"Sans blocs"
2;0,784182224472722;"A. digitata";"Non";"mahal";"Sans blocs"
3;0,798130410709388;"A. digitata";"Non";"mahal";"Sans blocs"
4;0,790935053447757;"A. digitata";"Non";"mahal";"Sans blocs"
5;0,756703323545726;"A. digitata";"Non";"mahal";"Sans blocs"
1;0,798190088126599;"A. digitata";"Oui";"mahal";"Sans blocs"
2;0,78481517766721;"A. digitata";"Oui";"mahal";"Sans blocs"
3;0,797198979565436;"A. digitata";"Oui";"mahal";"Sans blocs"
4;0,785289163655525;"A. digitata";"Oui";"mahal";"Sans blocs"
5;0,758438630684912;"A. digitata";"Oui";"mahal";"Sans blocs"
1;0,697601717058604;"A. nilotica";"Non";"mahal";"Sans blocs"
2;0,692256008269446;"A. nilotica";"Non";"mahal";"Sans blocs"
3;0,69991214149986;"A. nilotica";"Non";"mahal";"Sans blocs"
4;0,638946522990429;"A. nilotica";"Non";"mahal";"Sans blocs"
5;0,651052779753438;"A. nilotica";"Non";"mahal";"Sans blocs"
1;0,691417252027554;"A. nilotica";"Oui";"mahal";"Sans blocs"
2;0,674752347316737;"A. nilotica";"Oui";"mahal";"Sans blocs"
3;0,721127585525823;"A. nilotica";"Oui";"mahal";"Sans blocs"
4;0,659167726390469;"A. nilotica";"Oui";"mahal";"Sans blocs"
5;0,655009038643907;"A. nilotica";"Oui";"mahal";"Sans blocs"
1;0,685849566431571;"F. albida";"Non";"MaxEnt";"Avec blocs"
2;0,700634194643531;"F. albida";"Non";"MaxEnt";"Avec blocs"
3;0,653130889053219;"F. albida";"Non";"MaxEnt";"Avec blocs"
4;0,687129952220081;"F. albida";"Non";"MaxEnt";"Avec blocs"
5;0,711532787281727;"F. albida";"Non";"MaxEnt";"Avec blocs"
1;0,690724296565743;"F. albida";"Oui";"MaxEnt";"Avec blocs"
2;0,671096074856448;"F. albida";"Oui";"MaxEnt";"Avec blocs"
3;0,579702297178025;"F. albida";"Oui";"MaxEnt";"Avec blocs"
4;0,724483773732905;"F. albida";"Oui";"MaxEnt";"Avec blocs"
5;0,689634962351462;"F. albida";"Oui";"MaxEnt";"Avec blocs"
1;0,653404343637063;"B. aegyptiaca";"Non";"MaxEnt";"Avec blocs"
2;0,73290578358209;"B. aegyptiaca";"Non";"MaxEnt";"Avec blocs"
3;0,760910822169687;"B. aegyptiaca";"Non";"MaxEnt";"Avec blocs"
4;0,881508295067397;"B. aegyptiaca";"Non";"MaxEnt";"Avec blocs"
5;0,787196606067199;"B. aegyptiaca";"Non";"MaxEnt";"Avec blocs"
1;0,675320555540746;"B. aegyptiaca";"Oui";"MaxEnt";"Avec blocs"
2;0,728293428689884;"B. aegyptiaca";"Oui";"MaxEnt";"Avec blocs"
3;0,821437483582874;"B. aegyptiaca";"Oui";"MaxEnt";"Avec blocs"
4;0,887355576951563;"B. aegyptiaca";"Oui";"MaxEnt";"Avec blocs"
5;0,748808633497863;"B. aegyptiaca";"Oui";"MaxEnt";"Avec blocs"
1;0,649127850792424;"A. leiocarpus";"Non";"MaxEnt";"Avec blocs"
2;0,674267700853624;"A. leiocarpus";"Non";"MaxEnt";"Avec blocs"
3;0,641670477471419;"A. leiocarpus";"Non";"MaxEnt";"Avec blocs"
4;0,767870868127922;"A. leiocarpus";"Non";"MaxEnt";"Avec blocs"
5;0,710462040816326;"A. leiocarpus";"Non";"MaxEnt";"Avec blocs"
1;0,727283049864708;"A. leiocarpus";"Oui";"MaxEnt";"Avec blocs"
2;0,644459841272698;"A. leiocarpus";"Oui";"MaxEnt";"Avec blocs"
3;0,514595830531271;"A. leiocarpus";"Oui";"MaxEnt";"Avec blocs"
4;0,719794244152671;"A. leiocarpus";"Oui";"MaxEnt";"Avec blocs"
5;0,628277551020408;"A. leiocarpus";"Oui";"MaxEnt";"Avec blocs"
1;0,73620916746968;"A. digitata";"Non";"MaxEnt";"Avec blocs"
2;0,677224576271186;"A. digitata";"Non";"MaxEnt";"Avec blocs"
3;0,678110170832015;"A. digitata";"Non";"MaxEnt";"Avec blocs"
4;0,73311086974265;"A. digitata";"Non";"MaxEnt";"Avec blocs"
5;0,581635312961276;"A. digitata";"Non";"MaxEnt";"Avec blocs"
1;0,798160005929947;"A. digitata";"Oui";"MaxEnt";"Avec blocs"
2;0,781658861135891;"A. digitata";"Oui";"MaxEnt";"Avec blocs"
3;0,775967850363809;"A. digitata";"Oui";"MaxEnt";"Avec blocs"
4;0,844721460097817;"A. digitata";"Oui";"MaxEnt";"Avec blocs"
5;0,611738010740869;"A. digitata";"Oui";"MaxEnt";"Avec blocs"
1;0,574713480080044;"A. nilotica";"Non";"MaxEnt";"Avec blocs"
2;0,656104760503034;"A. nilotica";"Non";"MaxEnt";"Avec blocs"
3;0,721172648810472;"A. nilotica";"Non";"MaxEnt";"Avec blocs"
4;0,690149486836234;"A. nilotica";"Non";"MaxEnt";"Avec blocs"
5;0,505954573357888;"A. nilotica";"Non";"MaxEnt";"Avec blocs"
1;0,767085455703111;"A. nilotica";"Oui";"MaxEnt";"Avec blocs"
2;0,648811100753896;"A. nilotica";"Oui";"MaxEnt";"Avec blocs"
3;0,68678301856747;"A. nilotica";"Oui";"MaxEnt";"Avec blocs"
4;0,605142793395805;"A. nilotica";"Oui";"MaxEnt";"Avec blocs"
5;0,656455903417229;"A. nilotica";"Oui";"MaxEnt";"Avec blocs"
1;0,632018458264952;"F. albida";"Non";"MaxEnt";"Sans blocs"
2;0,631053855094924;"F. albida";"Non";"MaxEnt";"Sans blocs"
3;0,631094349818459;"F. albida";"Non";"MaxEnt";"Sans blocs"
4;0,631654324858893;"F. albida";"Non";"MaxEnt";"Sans blocs"
5;0,647021399652979;"F. albida";"Non";"MaxEnt";"Sans blocs"
1;0,658532236365024;"F. albida";"Oui";"MaxEnt";"Sans blocs"
2;0,644557688904195;"F. albida";"Oui";"MaxEnt";"Sans blocs"
3;0,64246740095953;"F. albida";"Oui";"MaxEnt";"Sans blocs"
4;0,667716122340682;"F. albida";"Oui";"MaxEnt";"Sans blocs"
5;0,672503373819163;"F. albida";"Oui";"MaxEnt";"Sans blocs"
1;0,736607838832734;"B. aegyptiaca";"Non";"MaxEnt";"Sans blocs"
2;0,693192745455711;"B. aegyptiaca";"Non";"MaxEnt";"Sans blocs"
3;0,692780735482599;"B. aegyptiaca";"Non";"MaxEnt";"Sans blocs"
4;0,720831846385854;"B. aegyptiaca";"Non";"MaxEnt";"Sans blocs"
5;0,71735966105513;"B. aegyptiaca";"Non";"MaxEnt";"Sans blocs"
1;0,749451968934831;"B. aegyptiaca";"Oui";"MaxEnt";"Sans blocs"
2;0,720475962911375;"B. aegyptiaca";"Oui";"MaxEnt";"Sans blocs"
3;0,71364179729863;"B. aegyptiaca";"Oui";"MaxEnt";"Sans blocs"
4;0,736346944179032;"B. aegyptiaca";"Oui";"MaxEnt";"Sans blocs"
5;0,719104060349284;"B. aegyptiaca";"Oui";"MaxEnt";"Sans blocs"
1;0,672518710218927;"A. leiocarpus";"Non";"MaxEnt";"Sans blocs"
2;0,636873521584861;"A. leiocarpus";"Non";"MaxEnt";"Sans blocs"
3;0,671646149541862;"A. leiocarpus";"Non";"MaxEnt";"Sans blocs"
4;0,643166175024582;"A. leiocarpus";"Non";"MaxEnt";"Sans blocs"
5;0,664741177550365;"A. leiocarpus";"Non";"MaxEnt";"Sans blocs"
1;0,68609498496188;"A. leiocarpus";"Oui";"MaxEnt";"Sans blocs"
2;0,664309210526316;"A. leiocarpus";"Oui";"MaxEnt";"Sans blocs"
3;0,708395117856893;"A. leiocarpus";"Oui";"MaxEnt";"Sans blocs"
4;0,709027305045004;"A. leiocarpus";"Oui";"MaxEnt";"Sans blocs"
5;0,689296422070274;"A. leiocarpus";"Oui";"MaxEnt";"Sans blocs"
1;0,615531128589027;"A. digitata";"Non";"MaxEnt";"Sans blocs"
2;0,649542072123641;"A. digitata";"Non";"MaxEnt";"Sans blocs"
3;0,646845294461607;"A. digitata";"Non";"MaxEnt";"Sans blocs"
4;0,608227002408913;"A. digitata";"Non";"MaxEnt";"Sans blocs"
5;0,650330522576804;"A. digitata";"Non";"MaxEnt";"Sans blocs"
1;0,708438358760542;"A. digitata";"Oui";"MaxEnt";"Sans blocs"
2;0,759147549645546;"A. digitata";"Oui";"MaxEnt";"Sans blocs"
3;0,735351951606977;"A. digitata";"Oui";"MaxEnt";"Sans blocs"
4;0,719192261367058;"A. digitata";"Oui";"MaxEnt";"Sans blocs"
5;0,750225182817915;"A. digitata";"Oui";"MaxEnt";"Sans blocs"
1;0,644181173436493;"A. nilotica";"Non";"MaxEnt";"Sans blocs"
2;0,632901197346886;"A. nilotica";"Non";"MaxEnt";"Sans blocs"
3;0,686770825529365;"A. nilotica";"Non";"MaxEnt";"Sans blocs"
4;0,641883073422127;"A. nilotica";"Non";"MaxEnt";"Sans blocs"
5;0,66153612494073;"A. nilotica";"Non";"MaxEnt";"Sans blocs"
1;0,694471308833011;"A. nilotica";"Oui";"MaxEnt";"Sans blocs"
2;0,687677663881471;"A. nilotica";"Oui";"MaxEnt";"Sans blocs"
3;0,740214674412744;"A. nilotica";"Oui";"MaxEnt";"Sans blocs"
4;0,734104142962318;"A. nilotica";"Oui";"MaxEnt";"Sans blocs"
5;0,661617620910384;"A. nilotica";"Oui";"MaxEnt";"Sans blocs"
1;0,599950061097201;"F. albida";"Non";"RF";"Avec blocs"
2;0,612749945324921;"F. albida";"Non";"RF";"Avec blocs"
3;0,611064750646242;"F. albida";"Non";"RF";"Avec blocs"
4;0,594435897816085;"F. albida";"Non";"RF";"Avec blocs"
5;0,596751861892494;"F. albida";"Non";"RF";"Avec blocs"
1;0,600502147420792;"F. albida";"Oui";"RF";"Avec blocs"
2;0,612568992636146;"F. albida";"Oui";"RF";"Avec blocs"
3;0,610632489346668;"F. albida";"Oui";"RF";"Avec blocs"
4;0,597797441099768;"F. albida";"Oui";"RF";"Avec blocs"
5;0,593017998230717;"F. albida";"Oui";"RF";"Avec blocs"
1;0,611094516733187;"B. aegyptiaca";"Non";"RF";"Avec blocs"
2;0,601723944627499;"B. aegyptiaca";"Non";"RF";"Avec blocs"
3;0,615155406662944;"B. aegyptiaca";"Non";"RF";"Avec blocs"
4;0,611337530186071;"B. aegyptiaca";"Non";"RF";"Avec blocs"
5;0,588067930819219;"B. aegyptiaca";"Non";"RF";"Avec blocs"
1;0,612004337372226;"B. aegyptiaca";"Oui";"RF";"Avec blocs"
2;0,603549529168175;"B. aegyptiaca";"Oui";"RF";"Avec blocs"
3;0,611118954561166;"B. aegyptiaca";"Oui";"RF";"Avec blocs"
4;0,609945260080546;"B. aegyptiaca";"Oui";"RF";"Avec blocs"
5;0,5883813921197;"B. aegyptiaca";"Oui";"RF";"Avec blocs"
1;0,587298970489887;"A. leiocarpus";"Non";"RF";"Avec blocs"
2;0,588011914716679;"A. leiocarpus";"Non";"RF";"Avec blocs"
3;0,603141199445583;"A. leiocarpus";"Non";"RF";"Avec blocs"
4;0,595688551182447;"A. leiocarpus";"Non";"RF";"Avec blocs"
5;0,614295104675632;"A. leiocarpus";"Non";"RF";"Avec blocs"
1;0,580596554329435;"A. leiocarpus";"Oui";"RF";"Avec blocs"
2;0,590751463926194;"A. leiocarpus";"Oui";"RF";"Avec blocs"
3;0,601789825752842;"A. leiocarpus";"Oui";"RF";"Avec blocs"
4;0,596276383916172;"A. leiocarpus";"Oui";"RF";"Avec blocs"
5;0,615756239670168;"A. leiocarpus";"Oui";"RF";"Avec blocs"
1;0,600377512035152;"A. digitata";"Non";"RF";"Avec blocs"
2;0,593695811808356;"A. digitata";"Non";"RF";"Avec blocs"
3;0,580626746334038;"A. digitata";"Non";"RF";"Avec blocs"
4;0,537904893250571;"A. digitata";"Non";"RF";"Avec blocs"
5;0,607772754437791;"A. digitata";"Non";"RF";"Avec blocs"
1;0,601974290006785;"A. digitata";"Oui";"RF";"Avec blocs"
2;0,599259320691032;"A. digitata";"Oui";"RF";"Avec blocs"
3;0,583262884461468;"A. digitata";"Oui";"RF";"Avec blocs"
4;0,54521460727806;"A. digitata";"Oui";"RF";"Avec blocs"
5;0,610664812937585;"A. digitata";"Oui";"RF";"Avec blocs"
1;0,579857579833656;"A. nilotica";"Non";"RF";"Avec blocs"
2;0,62203957611615;"A. nilotica";"Non";"RF";"Avec blocs"
3;0,608165261975793;"A. nilotica";"Non";"RF";"Avec blocs"
4;0,601935895956848;"A. nilotica";"Non";"RF";"Avec blocs"
5;0,617796509018998;"A. nilotica";"Non";"RF";"Avec blocs"
1;0,576380619291469;"A. nilotica";"Oui";"RF";"Avec blocs"
2;0,615930050545772;"A. nilotica";"Oui";"RF";"Avec blocs"
3;0,612849802057692;"A. nilotica";"Oui";"RF";"Avec blocs"
4;0,611983380879892;"A. nilotica";"Oui";"RF";"Avec blocs"
5;0,614250349593793;"A. nilotica";"Oui";"RF";"Avec blocs"
1;0,5071979;"F. albida";"Non";"RF";"Sans blocs"
2;0,5119634;"F. albida";"Non";"RF";"Sans blocs"
3;0,5017405;"F. albida";"Non";"RF";"Sans blocs"
4;0,5107362;"F. albida";"Non";"RF";"Sans blocs"
5;0,4905324;"F. albida";"Non";"RF";"Sans blocs"
1;0,5066514;"F. albida";"Oui";"RF";"Sans blocs"
2;0,5123848;"F. albida";"Oui";"RF";"Sans blocs"
3;0,5019378;"F. albida";"Oui";"RF";"Sans blocs"
4;0,5106267;"F. albida";"Oui";"RF";"Sans blocs"
5;0,4908945;"F. albida";"Oui";"RF";"Sans blocs"
1;0,5023875;"B. aegyptiaca";"Non";"RF";"Sans blocs"
2;0,5065197;"B. aegyptiaca";"Non";"RF";"Sans blocs"
3;0,5131269;"B. aegyptiaca";"Non";"RF";"Sans blocs"
4;0,5112388;"B. aegyptiaca";"Non";"RF";"Sans blocs"
5;0,5211687;"B. aegyptiaca";"Non";"RF";"Sans blocs"
1;0,5065727;"B. aegyptiaca";"Oui";"RF";"Sans blocs"
2;0,5010242;"B. aegyptiaca";"Oui";"RF";"Sans blocs"
3;0,5089203;"B. aegyptiaca";"Oui";"RF";"Sans blocs"
4;0,5112587;"B. aegyptiaca";"Oui";"RF";"Sans blocs"
5;0,5227251;"B. aegyptiaca";"Oui";"RF";"Sans blocs"
1;0,5072844;"A. leiocarpus";"Non";"RF";"Sans blocs"
2;0,5181131;"A. leiocarpus";"Non";"RF";"Sans blocs"
3;0,5208158;"A. leiocarpus";"Non";"RF";"Sans blocs"
4;0,5137791;"A. leiocarpus";"Non";"RF";"Sans blocs"
5;0,5023121;"A. leiocarpus";"Non";"RF";"Sans blocs"
1;0,5127128;"A. leiocarpus";"Oui";"RF";"Sans blocs"
2;0,5217029;"A. leiocarpus";"Oui";"RF";"Sans blocs"
3;0,5237504;"A. leiocarpus";"Oui";"RF";"Sans blocs"
4;0,5105089;"A. leiocarpus";"Oui";"RF";"Sans blocs"
5;0,5045994;"A. leiocarpus";"Oui";"RF";"Sans blocs"
1;0,4571134;"A. digitata";"Non";"RF";"Sans blocs"
2;0,494689;"A. digitata";"Non";"RF";"Sans blocs"
3;0,4969368;"A. digitata";"Non";"RF";"Sans blocs"
4;0,4975237;"A. digitata";"Non";"RF";"Sans blocs"
5;0,5058041;"A. digitata";"Non";"RF";"Sans blocs"
1;0,47247;"A. digitata";"Oui";"RF";"Sans blocs"
2;0,4976788;"A. digitata";"Oui";"RF";"Sans blocs"
3;0,4893893;"A. digitata";"Oui";"RF";"Sans blocs"
4;0,4883114;"A. digitata";"Oui";"RF";"Sans blocs"
5;0,4938606;"A. digitata";"Oui";"RF";"Sans blocs"
1;0,4649564;"A. nilotica";"Non";"RF";"Sans blocs"
2;0,4957523;"A. nilotica";"Non";"RF";"Sans blocs"
3;0,5081523;"A. nilotica";"Non";"RF";"Sans blocs"
4;0,5245776;"A. nilotica";"Non";"RF";"Sans blocs"
5;0,5278314;"A. nilotica";"Non";"RF";"Sans blocs"
1;0,476834;"A. nilotica";"Oui";"RF";"Sans blocs"
2;0,4877007;"A. nilotica";"Oui";"RF";"Sans blocs"
3;0,5038066;"A. nilotica";"Oui";"RF";"Sans blocs"
4;0,519404;"A. nilotica";"Oui";"RF";"Sans blocs"
5;0,5291796;"A. nilotica";"Oui";"RF";"Sans blocs"
1;0,592983032478228;"F. albida";"Non";"SVM";"Avec blocs"
2;0,615767514250319;"F. albida";"Non";"SVM";"Avec blocs"
3;0,605208075504084;"F. albida";"Non";"SVM";"Avec blocs"
4;0,604132173951935;"F. albida";"Non";"SVM";"Avec blocs"
5;0,599641707875134;"F. albida";"Non";"SVM";"Avec blocs"
1;0,589701504480206;"F. albida";"Oui";"SVM";"Avec blocs"
2;0,623932797898967;"F. albida";"Oui";"SVM";"Avec blocs"
3;0,61594318750963;"F. albida";"Oui";"SVM";"Avec blocs"
4;0,600665016542162;"F. albida";"Oui";"SVM";"Avec blocs"
5;0,596104948857383;"F. albida";"Oui";"SVM";"Avec blocs"
1;0,59863909722895;"B. aegyptiaca";"Non";"SVM";"Avec blocs"
2;0,623569171284505;"B. aegyptiaca";"Non";"SVM";"Avec blocs"
3;0,616183829198905;"B. aegyptiaca";"Non";"SVM";"Avec blocs"
4;0,611352222938023;"B. aegyptiaca";"Non";"SVM";"Avec blocs"
5;0,59249082633917;"B. aegyptiaca";"Non";"SVM";"Avec blocs"
1;0,596684074067343;"B. aegyptiaca";"Oui";"SVM";"Avec blocs"
2;0,59796805693135;"B. aegyptiaca";"Oui";"SVM";"Avec blocs"
3;0,572938634973811;"B. aegyptiaca";"Oui";"SVM";"Avec blocs"
4;0,608164272501573;"B. aegyptiaca";"Oui";"SVM";"Avec blocs"
5;0,585590590213651;"B. aegyptiaca";"Oui";"SVM";"Avec blocs"
1;0,611283028103817;"A. leiocarpus";"Non";"SVM";"Avec blocs"
2;0,612007540167516;"A. leiocarpus";"Non";"SVM";"Avec blocs"
3;0,542396272938179;"A. leiocarpus";"Non";"SVM";"Avec blocs"
4;0,586882002254338;"A. leiocarpus";"Non";"SVM";"Avec blocs"
5;0,578594668677691;"A. leiocarpus";"Non";"SVM";"Avec blocs"
1;0,607981261393412;"A. leiocarpus";"Oui";"SVM";"Avec blocs"
2;0,586102536285154;"A. leiocarpus";"Oui";"SVM";"Avec blocs"
3;0,591280894084558;"A. leiocarpus";"Oui";"SVM";"Avec blocs"
4;0,605978764804226;"A. leiocarpus";"Oui";"SVM";"Avec blocs"
5;0,590219116624369;"A. leiocarpus";"Oui";"SVM";"Avec blocs"
1;0,594302082323673;"A. digitata";"Non";"SVM";"Avec blocs"
2;0,603228344047512;"A. digitata";"Non";"SVM";"Avec blocs"
3;0,606710545356449;"A. digitata";"Non";"SVM";"Avec blocs"
4;0,620432028239146;"A. digitata";"Non";"SVM";"Avec blocs"
5;0,567432397674533;"A. digitata";"Non";"SVM";"Avec blocs"
1;0,6209025960389;"A. digitata";"Oui";"SVM";"Avec blocs"
2;0,5521642264535;"A. digitata";"Oui";"SVM";"Avec blocs"
3;0,616538922257318;"A. digitata";"Oui";"SVM";"Avec blocs"
4;0,602582619965213;"A. digitata";"Oui";"SVM";"Avec blocs"
5;0,607813652473551;"A. digitata";"Oui";"SVM";"Avec blocs"
1;0,627969073672179;"A. nilotica";"Non";"SVM";"Avec blocs"
2;0,604223790154418;"A. nilotica";"Non";"SVM";"Avec blocs"
3;0,587819316673662;"A. nilotica";"Non";"SVM";"Avec blocs"
4;0,526652415428158;"A. nilotica";"Non";"SVM";"Avec blocs"
5;0,592342363201862;"A. nilotica";"Non";"SVM";"Avec blocs"
1;0,611461343310828;"A. nilotica";"Oui";"SVM";"Avec blocs"
2;0,614113648748589;"A. nilotica";"Oui";"SVM";"Avec blocs"
3;0,603847822634618;"A. nilotica";"Oui";"SVM";"Avec blocs"
4;0,537772159999228;"A. nilotica";"Oui";"SVM";"Avec blocs"
5;0,611498929042896;"A. nilotica";"Oui";"SVM";"Avec blocs"
1;0,498534166120999;"F. albida";"Non";"SVM";"Sans blocs"
2;0,513061539010866;"F. albida";"Non";"SVM";"Sans blocs"
3;0,496897428249336;"F. albida";"Non";"SVM";"Sans blocs"
4;0,511617799927839;"F. albida";"Non";"SVM";"Sans blocs"
5;0,496650956587144;"F. albida";"Non";"SVM";"Sans blocs"
1;0,509800233094003;"F. albida";"Oui";"SVM";"Sans blocs"
2;0,517761095626976;"F. albida";"Oui";"SVM";"Sans blocs"
3;0,500487837781918;"F. albida";"Oui";"SVM";"Sans blocs"
4;0,519215497051992;"F. albida";"Oui";"SVM";"Sans blocs"
5;0,494260742319338;"F. albida";"Oui";"SVM";"Sans blocs"
1;0,532727092200207;"B. aegyptiaca";"Non";"SVM";"Sans blocs"
2;0,511116095086331;"B. aegyptiaca";"Non";"SVM";"Sans blocs"
3;0,522165341130412;"B. aegyptiaca";"Non";"SVM";"Sans blocs"
4;0,502323622420563;"B. aegyptiaca";"Non";"SVM";"Sans blocs"
5;0,505564372761555;"B. aegyptiaca";"Non";"SVM";"Sans blocs"
1;0,508809176931395;"B. aegyptiaca";"Oui";"SVM";"Sans blocs"
2;0,500183998327309;"B. aegyptiaca";"Oui";"SVM";"Sans blocs"
3;0,517424597285157;"B. aegyptiaca";"Oui";"SVM";"Sans blocs"
4;0,497586157691476;"B. aegyptiaca";"Oui";"SVM";"Sans blocs"
5;0,497080596452691;"B. aegyptiaca";"Oui";"SVM";"Sans blocs"
1;0,4996506128617;"A. leiocarpus";"Non";"SVM";"Sans blocs"
2;0,504357117521873;"A. leiocarpus";"Non";"SVM";"Sans blocs"
3;0,516132744724912;"A. leiocarpus";"Non";"SVM";"Sans blocs"
4;0,50211709341221;"A. leiocarpus";"Non";"SVM";"Sans blocs"
5;0,488800154840447;"A. leiocarpus";"Non";"SVM";"Sans blocs"
1;0,483881317512733;"A. leiocarpus";"Oui";"SVM";"Sans blocs"
2;0,499704865216363;"A. leiocarpus";"Oui";"SVM";"Sans blocs"
3;0,497820633010578;"A. leiocarpus";"Oui";"SVM";"Sans blocs"
4;0,516102310051355;"A. leiocarpus";"Oui";"SVM";"Sans blocs"
5;0,512585911967392;"A. leiocarpus";"Oui";"SVM";"Sans blocs"
1;0,498839777225095;"A. digitata";"Non";"SVM";"Sans blocs"
2;0,502601479831681;"A. digitata";"Non";"SVM";"Sans blocs"
3;0,508739867064583;"A. digitata";"Non";"SVM";"Sans blocs"
4;0,506674417663996;"A. digitata";"Non";"SVM";"Sans blocs"
5;0,506570132208908;"A. digitata";"Non";"SVM";"Sans blocs"
1;0,493897859450114;"A. digitata";"Oui";"SVM";"Sans blocs"
2;0,4958295552582;"A. digitata";"Oui";"SVM";"Sans blocs"
3;0,487803729272188;"A. digitata";"Oui";"SVM";"Sans blocs"
4;0,486823586736388;"A. digitata";"Oui";"SVM";"Sans blocs"
5;0,484004524034698;"A. digitata";"Oui";"SVM";"Sans blocs"
1;0,483136132833713;"A. nilotica";"Non";"SVM";"Sans blocs"
2;0,501713611587114;"A. nilotica";"Non";"SVM";"Sans blocs"
3;0,512140839735738;"A. nilotica";"Non";"SVM";"Sans blocs"
4;0,485271501954533;"A. nilotica";"Non";"SVM";"Sans blocs"
5;0,504995642688609;"A. nilotica";"Non";"SVM";"Sans blocs"
1;0,492010494732269;"A. nilotica";"Oui";"SVM";"Sans blocs"
2;0,508825702451584;"A. nilotica";"Oui";"SVM";"Sans blocs"
3;0,487844173255274;"A. nilotica";"Oui";"SVM";"Sans blocs"
4;0,521278734646837;"A. nilotica";"Oui";"SVM";"Sans blocs"
5;0,509141016824557;"A. nilotica";"Oui";"SVM";"Sans blocs"
1;0,518328920363848;"C. pinnata";"Non";"bioclim";"Avec blocs"
2;0,603106551760489;"C. pinnata";"Non";"bioclim";"Avec blocs"
3;0,752992919166187;"C. pinnata";"Non";"bioclim";"Avec blocs"
4;0,69469846040094;"C. pinnata";"Non";"bioclim";"Avec blocs"
5;0,571876717894787;"C. pinnata";"Non";"bioclim";"Avec blocs"
1;0,580722819064028;"C. pinnata";"Oui";"bioclim";"Avec blocs"
2;0,607626370440649;"C. pinnata";"Oui";"bioclim";"Avec blocs"
3;0,635330553044622;"C. pinnata";"Oui";"bioclim";"Avec blocs"
4;0,713077349647598;"C. pinnata";"Oui";"bioclim";"Avec blocs"
5;0,597045818494706;"C. pinnata";"Oui";"bioclim";"Avec blocs"
1;0,672690807638098;"Azadirachta indica";"Non";"bioclim";"Avec blocs"
2;0,647035057005614;"Azadirachta indica";"Non";"bioclim";"Avec blocs"
3;0,658601971862191;"Azadirachta indica";"Non";"bioclim";"Avec blocs"
4;0,520757383479465;"Azadirachta indica";"Non";"bioclim";"Avec blocs"
5;0,70503355704698;"Azadirachta indica";"Non";"bioclim";"Avec blocs"
1;0,541826115498233;"Azadirachta indica";"Oui";"bioclim";"Avec blocs"
2;0,758201429480873;"Azadirachta indica";"Oui";"bioclim";"Avec blocs"
3;0,636723163841808;"Azadirachta indica";"Oui";"bioclim";"Avec blocs"
4;0,591405168435625;"Azadirachta indica";"Oui";"bioclim";"Avec blocs"
5;0,620654101610043;"Azadirachta indica";"Oui";"bioclim";"Avec blocs"
1;0,586374564748798;"C. pinnata";"Non";"bioclim";"Sans blocs"
2;0,542083806161476;"C. pinnata";"Non";"bioclim";"Sans blocs"
3;0,54159898861926;"C. pinnata";"Non";"bioclim";"Sans blocs"
4;0,583746234370057;"C. pinnata";"Non";"bioclim";"Sans blocs"
5;0,598403338821457;"C. pinnata";"Non";"bioclim";"Sans blocs"
1;0,608253191842149;"C. pinnata";"Oui";"bioclim";"Sans blocs"
2;0,586462404909007;"C. pinnata";"Oui";"bioclim";"Sans blocs"
3;0,586550747707068;"C. pinnata";"Oui";"bioclim";"Sans blocs"
4;0,637568262789386;"C. pinnata";"Oui";"bioclim";"Sans blocs"
5;0,612294126978049;"C. pinnata";"Oui";"bioclim";"Sans blocs"
1;0,547185437642549;"Azadirachta indica";"Non";"bioclim";"Sans blocs"
2;0,565553065533635;"Azadirachta indica";"Non";"bioclim";"Sans blocs"
3;0,5629605476219;"Azadirachta indica";"Non";"bioclim";"Sans blocs"
4;0,570687178846703;"Azadirachta indica";"Non";"bioclim";"Sans blocs"
5;0,601162253047499;"Azadirachta indica";"Non";"bioclim";"Sans blocs"
1;0,581960957757716;"Azadirachta indica";"Oui";"bioclim";"Sans blocs"
2;0,595631954609635;"Azadirachta indica";"Oui";"bioclim";"Sans blocs"
3;0,570065347298934;"Azadirachta indica";"Oui";"bioclim";"Sans blocs"
4;0,534017716956894;"Azadirachta indica";"Oui";"bioclim";"Sans blocs"
5;0,61276586801177;"Azadirachta indica";"Oui";"bioclim";"Sans blocs"
1;0,59560075506119;"C. pinnata";"Non";"domain";"Avec blocs"
2;0,547946315623023;"C. pinnata";"Non";"domain";"Avec blocs"
3;0,723650943654642;"C. pinnata";"Non";"domain";"Avec blocs"
4;0,675876832075179;"C. pinnata";"Non";"domain";"Avec blocs"
5;0,556895480293506;"C. pinnata";"Non";"domain";"Avec blocs"
1;0,704238984468037;"C. pinnata";"Oui";"domain";"Avec blocs"
2;0,61069339025933;"C. pinnata";"Oui";"domain";"Avec blocs"
3;0,564561590927767;"C. pinnata";"Oui";"domain";"Avec blocs"
4;0,593494567874733;"C. pinnata";"Oui";"domain";"Avec blocs"
5;0,581015320633858;"C. pinnata";"Oui";"domain";"Avec blocs"
1;0,781805456335798;"Azadirachta indica";"Non";"domain";"Avec blocs"
2;0,716516074425603;"Azadirachta indica";"Non";"domain";"Avec blocs"
3;0,668368127939414;"Azadirachta indica";"Non";"domain";"Avec blocs"
4;0,44633710198431;"Azadirachta indica";"Non";"domain";"Avec blocs"
5;0,504950099106305;"Azadirachta indica";"Non";"domain";"Avec blocs"
1;0,477254165620837;"Azadirachta indica";"Oui";"domain";"Avec blocs"
2;0,708605460385439;"Azadirachta indica";"Oui";"domain";"Avec blocs"
3;0,639223239372791;"Azadirachta indica";"Oui";"domain";"Avec blocs"
4;0,4851234425473;"Azadirachta indica";"Oui";"domain";"Avec blocs"
5;0,496322634488994;"Azadirachta indica";"Oui";"domain";"Avec blocs"
1;0,53594345879622;"C. pinnata";"Non";"domain";"Sans blocs"
2;0,537456394737948;"C. pinnata";"Non";"domain";"Sans blocs"
3;0,483214490682086;"C. pinnata";"Non";"domain";"Sans blocs"
4;0,531680812138053;"C. pinnata";"Non";"domain";"Sans blocs"
5;0,51706469240068;"C. pinnata";"Non";"domain";"Sans blocs"
1;0,554232299784447;"C. pinnata";"Oui";"domain";"Sans blocs"
2;0,52641673321285;"C. pinnata";"Oui";"domain";"Sans blocs"
3;0,488033167657473;"C. pinnata";"Oui";"domain";"Sans blocs"
4;0,554519443718448;"C. pinnata";"Oui";"domain";"Sans blocs"
5;0,514336584271875;"C. pinnata";"Oui";"domain";"Sans blocs"
1;0,528319067565106;"Azadirachta indica";"Non";"domain";"Sans blocs"
2;0,491156823883484;"Azadirachta indica";"Non";"domain";"Sans blocs"
3;0,524406528519016;"Azadirachta indica";"Non";"domain";"Sans blocs"
4;0,50196483371396;"Azadirachta indica";"Non";"domain";"Sans blocs"
5;0,549665825977301;"Azadirachta indica";"Non";"domain";"Sans blocs"
1;0,461473753588123;"Azadirachta indica";"Oui";"domain";"Sans blocs"
2;0,471207862136266;"Azadirachta indica";"Oui";"domain";"Sans blocs"
3;0,465236834049802;"Azadirachta indica";"Oui";"domain";"Sans blocs"
4;0,442100967028262;"Azadirachta indica";"Oui";"domain";"Sans blocs"
5;0,51963219840269;"Azadirachta indica";"Oui";"domain";"Sans blocs"
1;0,60386340773168;"C. pinnata";"Non";"GLM";"Avec blocs"
2;0,610558167787548;"C. pinnata";"Non";"GLM";"Avec blocs"
3;0,609598944904515;"C. pinnata";"Non";"GLM";"Avec blocs"
4;0,601702587327092;"C. pinnata";"Non";"GLM";"Avec blocs"
5;0,619844399615196;"C. pinnata";"Non";"GLM";"Avec blocs"
1;0,605354691075515;"C. pinnata";"Oui";"GLM";"Avec blocs"
2;0,604591324161775;"C. pinnata";"Oui";"GLM";"Avec blocs"
3;0,607955462529025;"C. pinnata";"Oui";"GLM";"Avec blocs"
4;0,594046707027975;"C. pinnata";"Oui";"GLM";"Avec blocs"
5;0,626875994655761;"C. pinnata";"Oui";"GLM";"Avec blocs"
1;0,634586223519842;"Azadirachta indica";"Non";"GLM";"Avec blocs"
2;0,615908232577854;"Azadirachta indica";"Non";"GLM";"Avec blocs"
3;0,593540617449549;"Azadirachta indica";"Non";"GLM";"Avec blocs"
4;0,59277411655064;"Azadirachta indica";"Non";"GLM";"Avec blocs"
5;0,610504724055876;"Azadirachta indica";"Non";"GLM";"Avec blocs"
1;0,619888298467708;"Azadirachta indica";"Oui";"GLM";"Avec blocs"
2;0,597786701301578;"Azadirachta indica";"Oui";"GLM";"Avec blocs"
3;0,593506085684101;"Azadirachta indica";"Oui";"GLM";"Avec blocs"
4;0,592198228903875;"Azadirachta indica";"Oui";"GLM";"Avec blocs"
5;0,600447968182499;"Azadirachta indica";"Oui";"GLM";"Avec blocs"
1;0,509423266940559;"C. pinnata";"Non";"GLM";"Sans blocs"
2;0,532092755097848;"C. pinnata";"Non";"GLM";"Sans blocs"
3;0,520977733049837;"C. pinnata";"Non";"GLM";"Sans blocs"
4;0,506136810887312;"C. pinnata";"Non";"GLM";"Sans blocs"
5;0,520303988002666;"C. pinnata";"Non";"GLM";"Sans blocs"
1;0,517627103798813;"C. pinnata";"Oui";"GLM";"Sans blocs"
2;0,529344169702536;"C. pinnata";"Oui";"GLM";"Sans blocs"
3;0,518432954406552;"C. pinnata";"Oui";"GLM";"Sans blocs"
4;0,514807447178553;"C. pinnata";"Oui";"GLM";"Sans blocs"
5;0,51893595867585;"C. pinnata";"Oui";"GLM";"Sans blocs"
1;0,504771846473156;"Azadirachta indica";"Non";"GLM";"Sans blocs"
2;0,500417761122803;"Azadirachta indica";"Non";"GLM";"Sans blocs"
3;0,506027635674864;"Azadirachta indica";"Non";"GLM";"Sans blocs"
4;0,513271187926105;"Azadirachta indica";"Non";"GLM";"Sans blocs"
5;0,508872182630588;"Azadirachta indica";"Non";"GLM";"Sans blocs"
1;0,504003390094382;"Azadirachta indica";"Oui";"GLM";"Sans blocs"
2;0,499180945516496;"Azadirachta indica";"Oui";"GLM";"Sans blocs"
3;0,497810195071585;"Azadirachta indica";"Oui";"GLM";"Sans blocs"
4;0,506112263417164;"Azadirachta indica";"Oui";"GLM";"Sans blocs"
5;0,505929338665771;"Azadirachta indica";"Oui";"GLM";"Sans blocs"
1;0,59560075506119;"C. pinnata";"Non";"mahal";"Avec blocs"
2;0,547946315623023;"C. pinnata";"Non";"mahal";"Avec blocs"
3;0,723650943654642;"C. pinnata";"Non";"mahal";"Avec blocs"
4;0,675876832075179;"C. pinnata";"Non";"mahal";"Avec blocs"
5;0,556895480293506;"C. pinnata";"Non";"mahal";"Avec blocs"
1;0,704238984468037;"C. pinnata";"Oui";"mahal";"Avec blocs"
2;0,61069339025933;"C. pinnata";"Oui";"mahal";"Avec blocs"
3;0,564561590927767;"C. pinnata";"Oui";"mahal";"Avec blocs"
4;0,593494567874733;"C. pinnata";"Oui";"mahal";"Avec blocs"
5;0,581015320633858;"C. pinnata";"Oui";"mahal";"Avec blocs"
1;0,578853319946711;"Azadirachta indica";"Non";"mahal";"Avec blocs"
2;0,750641674865444;"Azadirachta indica";"Non";"mahal";"Avec blocs"
3;0,652969878244056;"Azadirachta indica";"Non";"mahal";"Avec blocs"
4;0,571942778034149;"Azadirachta indica";"Non";"mahal";"Avec blocs"
5;0,674594011892756;"Azadirachta indica";"Non";"mahal";"Avec blocs"
1;0,621822447048829;"Azadirachta indica";"Oui";"mahal";"Avec blocs"
2;0,784765466751548;"Azadirachta indica";"Oui";"mahal";"Avec blocs"
3;0,654641630663565;"Azadirachta indica";"Oui";"mahal";"Avec blocs"
4;0,559425473004153;"Azadirachta indica";"Oui";"mahal";"Avec blocs"
5;0,682845915777028;"Azadirachta indica";"Oui";"mahal";"Avec blocs"
1;0,646196042668435;"C. pinnata";"Non";"mahal";"Sans blocs"
2;0,653940234522759;"C. pinnata";"Non";"mahal";"Sans blocs"
3;0,633961927037651;"C. pinnata";"Non";"mahal";"Sans blocs"
4;0,657050497269488;"C. pinnata";"Non";"mahal";"Sans blocs"
5;0,648683944228992;"C. pinnata";"Non";"mahal";"Sans blocs"
1;0,645342121262367;"C. pinnata";"Oui";"mahal";"Sans blocs"
2;0,654951736505135;"C. pinnata";"Oui";"mahal";"Sans blocs"
3;0,633647900897682;"C. pinnata";"Oui";"mahal";"Sans blocs"
4;0,657853831657427;"C. pinnata";"Oui";"mahal";"Sans blocs"
5;0,648528052335917;"C. pinnata";"Oui";"mahal";"Sans blocs"
1;0,755411452506699;"Azadirachta indica";"Non";"mahal";"Sans blocs"
2;0,767620503387437;"Azadirachta indica";"Non";"mahal";"Sans blocs"
3;0,770412712777992;"Azadirachta indica";"Non";"mahal";"Sans blocs"
4;0,780908774621753;"Azadirachta indica";"Non";"mahal";"Sans blocs"
5;0,756670870113493;"Azadirachta indica";"Non";"mahal";"Sans blocs"
1;0,755962137176852;"Azadirachta indica";"Oui";"mahal";"Sans blocs"
2;0,777823835986718;"Azadirachta indica";"Oui";"mahal";"Sans blocs"
3;0,776175519384591;"Azadirachta indica";"Oui";"mahal";"Sans blocs"
4;0,775484852269483;"Azadirachta indica";"Oui";"mahal";"Sans blocs"
5;0,759239176124422;"Azadirachta indica";"Oui";"mahal";"Sans blocs"
1;0,833183735779259;"C. pinnata";"Non";"MaxEnt";"Avec blocs"
2;0,659375878487596;"C. pinnata";"Non";"MaxEnt";"Avec blocs"
3;0,652626893472485;"C. pinnata";"Non";"MaxEnt";"Avec blocs"
4;0,802501699402526;"C. pinnata";"Non";"MaxEnt";"Avec blocs"
5;0,61756495136117;"C. pinnata";"Non";"MaxEnt";"Avec blocs"
1;0,752939481085464;"C. pinnata";"Oui";"MaxEnt";"Avec blocs"
2;0,753163214210415;"C. pinnata";"Oui";"MaxEnt";"Avec blocs"
3;0,704894266852932;"C. pinnata";"Oui";"MaxEnt";"Avec blocs"
4;0,760723229938106;"C. pinnata";"Oui";"MaxEnt";"Avec blocs"
5;0,681505294103588;"C. pinnata";"Oui";"MaxEnt";"Avec blocs"
1;0,790269437954936;"Azadirachta indica";"Non";"MaxEnt";"Avec blocs"
2;0,616235386885815;"Azadirachta indica";"Non";"MaxEnt";"Avec blocs"
3;0,614504466398783;"Azadirachta indica";"Non";"MaxEnt";"Avec blocs"
4;0,8328737886479;"Azadirachta indica";"Non";"MaxEnt";"Avec blocs"
5;0,707083492714817;"Azadirachta indica";"Non";"MaxEnt";"Avec blocs"
1;0,756659683741046;"Azadirachta indica";"Oui";"MaxEnt";"Avec blocs"
2;0,673913782626309;"Azadirachta indica";"Oui";"MaxEnt";"Avec blocs"
3;0,57504204558043;"Azadirachta indica";"Oui";"MaxEnt";"Avec blocs"
4;0,718868251038302;"Azadirachta indica";"Oui";"MaxEnt";"Avec blocs"
5;0,768515491880238;"Azadirachta indica";"Oui";"MaxEnt";"Avec blocs"
1;0,748965069363842;"C. pinnata";"Non";"MaxEnt";"Sans blocs"
2;0,731199652558876;"C. pinnata";"Non";"MaxEnt";"Sans blocs"
3;0,721878417741394;"C. pinnata";"Non";"MaxEnt";"Sans blocs"
4;0,73973891632392;"C. pinnata";"Non";"MaxEnt";"Sans blocs"
5;0,724611500992785;"C. pinnata";"Non";"MaxEnt";"Sans blocs"
1;0,774322942574476;"C. pinnata";"Oui";"MaxEnt";"Sans blocs"
2;0,764464338250746;"C. pinnata";"Oui";"MaxEnt";"Sans blocs"
3;0,755744512663916;"C. pinnata";"Oui";"MaxEnt";"Sans blocs"
4;0,776978417266187;"C. pinnata";"Oui";"MaxEnt";"Sans blocs"
5;0,751222520635164;"C. pinnata";"Oui";"MaxEnt";"Sans blocs"
1;0,745343028852408;"Azadirachta indica";"Non";"MaxEnt";"Sans blocs"
2;0,695212680976376;"Azadirachta indica";"Non";"MaxEnt";"Sans blocs"
3;0,698235667292191;"Azadirachta indica";"Non";"MaxEnt";"Sans blocs"
4;0,737918837425064;"Azadirachta indica";"Non";"MaxEnt";"Sans blocs"
5;0,709697351828499;"Azadirachta indica";"Non";"MaxEnt";"Sans blocs"
1;0,757358361301177;"Azadirachta indica";"Oui";"MaxEnt";"Sans blocs"
2;0,714880975512865;"Azadirachta indica";"Oui";"MaxEnt";"Sans blocs"
3;0,741756169840868;"Azadirachta indica";"Oui";"MaxEnt";"Sans blocs"
4;0,790565675849272;"Azadirachta indica";"Oui";"MaxEnt";"Sans blocs"
5;0,75431693989071;"Azadirachta indica";"Oui";"MaxEnt";"Sans blocs"
1;0,604172387490465;"C. pinnata";"Non";"RF";"Avec blocs"
2;0,611752844758985;"C. pinnata";"Non";"RF";"Avec blocs"
3;0,59590829036021;"C. pinnata";"Non";"RF";"Avec blocs"
4;0,609951853433762;"C. pinnata";"Non";"RF";"Avec blocs"
5;0,621413967631279;"C. pinnata";"Non";"RF";"Avec blocs"
1;0,601151571430151;"C. pinnata";"Oui";"RF";"Avec blocs"
2;0,613012877654612;"C. pinnata";"Oui";"RF";"Avec blocs"
3;0,597193710131325;"C. pinnata";"Oui";"RF";"Avec blocs"
4;0,612692060844785;"C. pinnata";"Oui";"RF";"Avec blocs"
5;0,626736869400902;"C. pinnata";"Oui";"RF";"Avec blocs"
1;0,628453305188729;"Azadirachta indica";"Non";"RF";"Avec blocs"
2;0,590498012474748;"Azadirachta indica";"Non";"RF";"Avec blocs"
3;0,592732034579247;"Azadirachta indica";"Non";"RF";"Avec blocs"
4;0,559831031267156;"Azadirachta indica";"Non";"RF";"Avec blocs"
5;0,609392974856965;"Azadirachta indica";"Non";"RF";"Avec blocs"
1;0,636047626605926;"Azadirachta indica";"Oui";"RF";"Avec blocs"
2;0,593139684164976;"Azadirachta indica";"Oui";"RF";"Avec blocs"
3;0,597597668242538;"Azadirachta indica";"Oui";"RF";"Avec blocs"
4;0,566930234594153;"Azadirachta indica";"Oui";"RF";"Avec blocs"
5;0,612507522138762;"Azadirachta indica";"Oui";"RF";"Avec blocs"
1;0,5147757;"C. pinnata";"Non";"RF";"Sans blocs"
2;0,517064;"C. pinnata";"Non";"RF";"Sans blocs"
3;0,5327162;"C. pinnata";"Non";"RF";"Sans blocs"
4;0,5174584;"C. pinnata";"Non";"RF";"Sans blocs"
5;0,5220895;"C. pinnata";"Non";"RF";"Sans blocs"
1;0,5148222;"C. pinnata";"Oui";"RF";"Sans blocs"
2;0,517068;"C. pinnata";"Oui";"RF";"Sans blocs"
3;0,5335355;"C. pinnata";"Oui";"RF";"Sans blocs"
4;0,5168693;"C. pinnata";"Oui";"RF";"Sans blocs"
5;0,5229177;"C. pinnata";"Oui";"RF";"Sans blocs"
1;0,5117356;"Azadirachta indica";"Non";"RF";"Sans blocs"
2;0,4970335;"Azadirachta indica";"Non";"RF";"Sans blocs"
3;0,5239375;"Azadirachta indica";"Non";"RF";"Sans blocs"
4;0,5219873;"Azadirachta indica";"Non";"RF";"Sans blocs"
5;0,5009919;"Azadirachta indica";"Non";"RF";"Sans blocs"
1;0,5141059;"Azadirachta indica";"Oui";"RF";"Sans blocs"
2;0,5019768;"Azadirachta indica";"Oui";"RF";"Sans blocs"
3;0,5255779;"Azadirachta indica";"Oui";"RF";"Sans blocs"
4;0,5222505;"Azadirachta indica";"Oui";"RF";"Sans blocs"
5;0,5070602;"Azadirachta indica";"Oui";"RF";"Sans blocs"
1;0,615107396721166;"C. pinnata";"Non";"SVM";"Avec blocs"
2;0,616771322609924;"C. pinnata";"Non";"SVM";"Avec blocs"
3;0,60416154107886;"C. pinnata";"Non";"SVM";"Avec blocs"
4;0,611719920542912;"C. pinnata";"Non";"SVM";"Avec blocs"
5;0,615381505289536;"C. pinnata";"Non";"SVM";"Avec blocs"
1;0,618537237864668;"C. pinnata";"Oui";"SVM";"Avec blocs"
2;0,617915586987551;"C. pinnata";"Oui";"SVM";"Avec blocs"
3;0,595699882068492;"C. pinnata";"Oui";"SVM";"Avec blocs"
4;0,60726944224107;"C. pinnata";"Oui";"SVM";"Avec blocs"
5;0,623567469815644;"C. pinnata";"Oui";"SVM";"Avec blocs"
1;0,645306762904687;"Azadirachta indica";"Non";"SVM";"Avec blocs"
2;0,604406329794125;"Azadirachta indica";"Non";"SVM";"Avec blocs"
3;0,597258825294087;"Azadirachta indica";"Non";"SVM";"Avec blocs"
4;0,565427128041294;"Azadirachta indica";"Non";"SVM";"Avec blocs"
5;0,619643702633436;"Azadirachta indica";"Non";"SVM";"Avec blocs"
1;0,626679512174249;"Azadirachta indica";"Oui";"SVM";"Avec blocs"
2;0,603266602187647;"Azadirachta indica";"Oui";"SVM";"Avec blocs"
3;0,605973347951781;"Azadirachta indica";"Oui";"SVM";"Avec blocs"
4;0,606630287900239;"Azadirachta indica";"Oui";"SVM";"Avec blocs"
5;0,613577116813851;"Azadirachta indica";"Oui";"SVM";"Avec blocs"
1;0,518732561290376;"C. pinnata";"Non";"SVM";"Sans blocs"
2;0,536066333659105;"C. pinnata";"Non";"SVM";"Sans blocs"
3;0,526737880564339;"C. pinnata";"Non";"SVM";"Sans blocs"
4;0,507440626659178;"C. pinnata";"Non";"SVM";"Sans blocs"
5;0,523669795600978;"C. pinnata";"Non";"SVM";"Sans blocs"
1;0,521372543116072;"C. pinnata";"Oui";"SVM";"Sans blocs"
2;0,522816530640686;"C. pinnata";"Oui";"SVM";"Sans blocs"
3;0,520778540235688;"C. pinnata";"Oui";"SVM";"Sans blocs"
4;0,516391247960042;"C. pinnata";"Oui";"SVM";"Sans blocs"
5;0,519309764496778;"C. pinnata";"Oui";"SVM";"Sans blocs"
1;0,517145516040412;"Azadirachta indica";"Non";"SVM";"Sans blocs"
2;0,508585597780631;"Azadirachta indica";"Non";"SVM";"Sans blocs"
3;0,510998244020898;"Azadirachta indica";"Non";"SVM";"Sans blocs"
4;0,508114476331674;"Azadirachta indica";"Non";"SVM";"Sans blocs"
5;0,510411382611491;"Azadirachta indica";"Non";"SVM";"Sans blocs"
1;0,527129151575528;"Azadirachta indica";"Oui";"SVM";"Sans blocs"
2;0,524207610290237;"Azadirachta indica";"Oui";"SVM";"Sans blocs"
3;0,503669313839776;"Azadirachta indica";"Oui";"SVM";"Sans blocs"
4;0,504623658466224;"Azadirachta indica";"Oui";"SVM";"Sans blocs"
5;0,494478181878636;"Azadirachta indica";"Oui";"SVM";"Sans blocs"
1;0,618328920363848;"C. pinnata";"Non";"bioclim";"Avec blocs"
2;0,703106551760489;"C. pinnata";"Non";"bioclim";"Avec blocs"
3;0,852992919166187;"C. pinnata";"Non";"bioclim";"Avec blocs"
4;0,79469846040094;"C. pinnata";"Non";"bioclim";"Avec blocs"
5;0,671876717894787;"C. pinnata";"Non";"bioclim";"Avec blocs"
1;0,680722819064028;"C. pinnata";"Oui";"bioclim";"Avec blocs"
2;0,707626370440649;"C. pinnata";"Oui";"bioclim";"Avec blocs"
3;0,735330553044622;"C. pinnata";"Oui";"bioclim";"Avec blocs"
4;0,813077349647598;"C. pinnata";"Oui";"bioclim";"Avec blocs"
5;0,697045818494706;"C. pinnata";"Oui";"bioclim";"Avec blocs"
1;0,772690807638098;"A. indica";"Non";"bioclim";"Avec blocs"
2;0,747035057005614;"A. indica";"Non";"bioclim";"Avec blocs"
3;0,758601971862191;"A. indica";"Non";"bioclim";"Avec blocs"
4;0,620757383479465;"A. indica";"Non";"bioclim";"Avec blocs"
5;0,80503355704698;"A. indica";"Non";"bioclim";"Avec blocs"
1;0,641826115498233;"A. indica";"Oui";"bioclim";"Avec blocs"
2;0,858201429480873;"A. indica";"Oui";"bioclim";"Avec blocs"
3;0,736723163841808;"A. indica";"Oui";"bioclim";"Avec blocs"
4;0,691405168435625;"A. indica";"Oui";"bioclim";"Avec blocs"
5;0,720654101610043;"A. indica";"Oui";"bioclim";"Avec blocs"
1;0,586374564748798;"C. pinnata";"Non";"bioclim";"Sans blocs"
2;0,542083806161476;"C. pinnata";"Non";"bioclim";"Sans blocs"
3;0,54159898861926;"C. pinnata";"Non";"bioclim";"Sans blocs"
4;0,583746234370057;"C. pinnata";"Non";"bioclim";"Sans blocs"
5;0,598403338821457;"C. pinnata";"Non";"bioclim";"Sans blocs"
1;0,608253191842149;"C. pinnata";"Oui";"bioclim";"Sans blocs"
2;0,586462404909007;"C. pinnata";"Oui";"bioclim";"Sans blocs"
3;0,586550747707068;"C. pinnata";"Oui";"bioclim";"Sans blocs"
4;0,637568262789386;"C. pinnata";"Oui";"bioclim";"Sans blocs"
5;0,612294126978049;"C. pinnata";"Oui";"bioclim";"Sans blocs"
1;0,547185437642549;"A. indica";"Non";"bioclim";"Sans blocs"
2;0,565553065533635;"A. indica";"Non";"bioclim";"Sans blocs"
3;0,5629605476219;"A. indica";"Non";"bioclim";"Sans blocs"
4;0,570687178846703;"A. indica";"Non";"bioclim";"Sans blocs"
5;0,601162253047499;"A. indica";"Non";"bioclim";"Sans blocs"
1;0,581960957757716;"A. indica";"Oui";"bioclim";"Sans blocs"
2;0,595631954609635;"A. indica";"Oui";"bioclim";"Sans blocs"
3;0,570065347298934;"A. indica";"Oui";"bioclim";"Sans blocs"
4;0,534017716956894;"A. indica";"Oui";"bioclim";"Sans blocs"
5;0,61276586801177;"A. indica";"Oui";"bioclim";"Sans blocs"
1;0,69560075506119;"C. pinnata";"Non";"domain";"Avec blocs"
2;0,647946315623023;"C. pinnata";"Non";"domain";"Avec blocs"
3;0,823650943654642;"C. pinnata";"Non";"domain";"Avec blocs"
4;0,775876832075179;"C. pinnata";"Non";"domain";"Avec blocs"
5;0,656895480293506;"C. pinnata";"Non";"domain";"Avec blocs"
1;0,804238984468037;"C. pinnata";"Oui";"domain";"Avec blocs"
2;0,71069339025933;"C. pinnata";"Oui";"domain";"Avec blocs"
3;0,664561590927767;"C. pinnata";"Oui";"domain";"Avec blocs"
4;0,693494567874733;"C. pinnata";"Oui";"domain";"Avec blocs"
5;0,681015320633858;"C. pinnata";"Oui";"domain";"Avec blocs"
1;0,881805456335798;"A. indica";"Non";"domain";"Avec blocs"
2;0,816516074425603;"A. indica";"Non";"domain";"Avec blocs"
3;0,768368127939414;"A. indica";"Non";"domain";"Avec blocs"
4;0,54633710198431;"A. indica";"Non";"domain";"Avec blocs"
5;0,604950099106305;"A. indica";"Non";"domain";"Avec blocs"
1;0,577254165620837;"A. indica";"Oui";"domain";"Avec blocs"
2;0,808605460385439;"A. indica";"Oui";"domain";"Avec blocs"
3;0,739223239372791;"A. indica";"Oui";"domain";"Avec blocs"
4;0,5851234425473;"A. indica";"Oui";"domain";"Avec blocs"
5;0,596322634488994;"A. indica";"Oui";"domain";"Avec blocs"
1;0,53594345879622;"C. pinnata";"Non";"domain";"Sans blocs"
2;0,537456394737948;"C. pinnata";"Non";"domain";"Sans blocs"
3;0,483214490682086;"C. pinnata";"Non";"domain";"Sans blocs"
4;0,531680812138053;"C. pinnata";"Non";"domain";"Sans blocs"
5;0,51706469240068;"C. pinnata";"Non";"domain";"Sans blocs"
1;0,554232299784447;"C. pinnata";"Oui";"domain";"Sans blocs"
2;0,52641673321285;"C. pinnata";"Oui";"domain";"Sans blocs"
3;0,488033167657473;"C. pinnata";"Oui";"domain";"Sans blocs"
4;0,554519443718448;"C. pinnata";"Oui";"domain";"Sans blocs"
5;0,514336584271875;"C. pinnata";"Oui";"domain";"Sans blocs"
1;0,528319067565106;"A. indica";"Non";"domain";"Sans blocs"
2;0,491156823883484;"A. indica";"Non";"domain";"Sans blocs"
3;0,524406528519016;"A. indica";"Non";"domain";"Sans blocs"
4;0,50196483371396;"A. indica";"Non";"domain";"Sans blocs"
5;0,549665825977301;"A. indica";"Non";"domain";"Sans blocs"
1;0,461473753588123;"A. indica";"Oui";"domain";"Sans blocs"
2;0,471207862136266;"A. indica";"Oui";"domain";"Sans blocs"
3;0,465236834049802;"A. indica";"Oui";"domain";"Sans blocs"
4;0,442100967028262;"A. indica";"Oui";"domain";"Sans blocs"
5;0,51963219840269;"A. indica";"Oui";"domain";"Sans blocs"
1;0,70386340773168;"C. pinnata";"Non";"GLM";"Avec blocs"
2;0,710558167787548;"C. pinnata";"Non";"GLM";"Avec blocs"
3;0,709598944904515;"C. pinnata";"Non";"GLM";"Avec blocs"
4;0,701702587327092;"C. pinnata";"Non";"GLM";"Avec blocs"
5;0,719844399615196;"C. pinnata";"Non";"GLM";"Avec blocs"
1;0,705354691075515;"C. pinnata";"Oui";"GLM";"Avec blocs"
2;0,704591324161775;"C. pinnata";"Oui";"GLM";"Avec blocs"
3;0,707955462529025;"C. pinnata";"Oui";"GLM";"Avec blocs"
4;0,694046707027975;"C. pinnata";"Oui";"GLM";"Avec blocs"
5;0,726875994655761;"C. pinnata";"Oui";"GLM";"Avec blocs"
1;0,734586223519842;"A. indica";"Non";"GLM";"Avec blocs"
2;0,715908232577854;"A. indica";"Non";"GLM";"Avec blocs"
3;0,693540617449549;"A. indica";"Non";"GLM";"Avec blocs"
4;0,69277411655064;"A. indica";"Non";"GLM";"Avec blocs"
5;0,710504724055876;"A. indica";"Non";"GLM";"Avec blocs"
1;0,719888298467708;"A. indica";"Oui";"GLM";"Avec blocs"
2;0,697786701301578;"A. indica";"Oui";"GLM";"Avec blocs"
3;0,693506085684101;"A. indica";"Oui";"GLM";"Avec blocs"
4;0,692198228903875;"A. indica";"Oui";"GLM";"Avec blocs"
5;0,700447968182499;"A. indica";"Oui";"GLM";"Avec blocs"
1;0,509423266940559;"C. pinnata";"Non";"GLM";"Sans blocs"
2;0,532092755097848;"C. pinnata";"Non";"GLM";"Sans blocs"
3;0,520977733049837;"C. pinnata";"Non";"GLM";"Sans blocs"
4;0,506136810887312;"C. pinnata";"Non";"GLM";"Sans blocs"
5;0,520303988002666;"C. pinnata";"Non";"GLM";"Sans blocs"
1;0,517627103798813;"C. pinnata";"Oui";"GLM";"Sans blocs"
2;0,529344169702536;"C. pinnata";"Oui";"GLM";"Sans blocs"
3;0,518432954406552;"C. pinnata";"Oui";"GLM";"Sans blocs"
4;0,514807447178553;"C. pinnata";"Oui";"GLM";"Sans blocs"
5;0,51893595867585;"C. pinnata";"Oui";"GLM";"Sans blocs"
1;0,504771846473156;"A. indica";"Non";"GLM";"Sans blocs"
2;0,500417761122803;"A. indica";"Non";"GLM";"Sans blocs"
3;0,506027635674864;"A. indica";"Non";"GLM";"Sans blocs"
4;0,513271187926105;"A. indica";"Non";"GLM";"Sans blocs"
5;0,508872182630588;"A. indica";"Non";"GLM";"Sans blocs"
1;0,504003390094382;"A. indica";"Oui";"GLM";"Sans blocs"
2;0,499180945516496;"A. indica";"Oui";"GLM";"Sans blocs"
3;0,497810195071585;"A. indica";"Oui";"GLM";"Sans blocs"
4;0,506112263417164;"A. indica";"Oui";"GLM";"Sans blocs"
5;0,505929338665771;"A. indica";"Oui";"GLM";"Sans blocs"
1;0,69560075506119;"C. pinnata";"Non";"mahal";"Avec blocs"
2;0,647946315623023;"C. pinnata";"Non";"mahal";"Avec blocs"
3;0,823650943654642;"C. pinnata";"Non";"mahal";"Avec blocs"
4;0,775876832075179;"C. pinnata";"Non";"mahal";"Avec blocs"
5;0,656895480293506;"C. pinnata";"Non";"mahal";"Avec blocs"
1;0,804238984468037;"C. pinnata";"Oui";"mahal";"Avec blocs"
2;0,71069339025933;"C. pinnata";"Oui";"mahal";"Avec blocs"
3;0,664561590927767;"C. pinnata";"Oui";"mahal";"Avec blocs"
4;0,693494567874733;"C. pinnata";"Oui";"mahal";"Avec blocs"
5;0,681015320633858;"C. pinnata";"Oui";"mahal";"Avec blocs"
1;0,678853319946711;"A. indica";"Non";"mahal";"Avec blocs"
2;0,850641674865444;"A. indica";"Non";"mahal";"Avec blocs"
3;0,752969878244056;"A. indica";"Non";"mahal";"Avec blocs"
4;0,671942778034149;"A. indica";"Non";"mahal";"Avec blocs"
5;0,774594011892756;"A. indica";"Non";"mahal";"Avec blocs"
1;0,721822447048829;"A. indica";"Oui";"mahal";"Avec blocs"
2;0,884765466751548;"A. indica";"Oui";"mahal";"Avec blocs"
3;0,754641630663565;"A. indica";"Oui";"mahal";"Avec blocs"
4;0,659425473004153;"A. indica";"Oui";"mahal";"Avec blocs"
5;0,782845915777028;"A. indica";"Oui";"mahal";"Avec blocs"
1;0,646196042668435;"C. pinnata";"Non";"mahal";"Sans blocs"
2;0,653940234522759;"C. pinnata";"Non";"mahal";"Sans blocs"
3;0,633961927037651;"C. pinnata";"Non";"mahal";"Sans blocs"
4;0,657050497269488;"C. pinnata";"Non";"mahal";"Sans blocs"
5;0,648683944228992;"C. pinnata";"Non";"mahal";"Sans blocs"
1;0,645342121262367;"C. pinnata";"Oui";"mahal";"Sans blocs"
2;0,654951736505135;"C. pinnata";"Oui";"mahal";"Sans blocs"
3;0,633647900897682;"C. pinnata";"Oui";"mahal";"Sans blocs"
4;0,657853831657427;"C. pinnata";"Oui";"mahal";"Sans blocs"
5;0,648528052335917;"C. pinnata";"Oui";"mahal";"Sans blocs"
1;0,755411452506699;"A. indica";"Non";"mahal";"Sans blocs"
2;0,767620503387437;"A. indica";"Non";"mahal";"Sans blocs"
3;0,770412712777992;"A. indica";"Non";"mahal";"Sans blocs"
4;0,780908774621753;"A. indica";"Non";"mahal";"Sans blocs"
5;0,756670870113493;"A. indica";"Non";"mahal";"Sans blocs"
1;0,755962137176852;"A. indica";"Oui";"mahal";"Sans blocs"
2;0,777823835986718;"A. indica";"Oui";"mahal";"Sans blocs"
3;0,776175519384591;"A. indica";"Oui";"mahal";"Sans blocs"
4;0,775484852269483;"A. indica";"Oui";"mahal";"Sans blocs"
5;0,759239176124422;"A. indica";"Oui";"mahal";"Sans blocs"
1;0,933183735779259;"C. pinnata";"Non";"MaxEnt";"Avec blocs"
2;0,759375878487596;"C. pinnata";"Non";"MaxEnt";"Avec blocs"
3;0,752626893472485;"C. pinnata";"Non";"MaxEnt";"Avec blocs"
4;0,902501699402526;"C. pinnata";"Non";"MaxEnt";"Avec blocs"
5;0,71756495136117;"C. pinnata";"Non";"MaxEnt";"Avec blocs"
1;0,852939481085464;"C. pinnata";"Oui";"MaxEnt";"Avec blocs"
2;0,853163214210415;"C. pinnata";"Oui";"MaxEnt";"Avec blocs"
3;0,804894266852932;"C. pinnata";"Oui";"MaxEnt";"Avec blocs"
4;0,860723229938106;"C. pinnata";"Oui";"MaxEnt";"Avec blocs"
5;0,781505294103588;"C. pinnata";"Oui";"MaxEnt";"Avec blocs"
1;0,890269437954936;"A. indica";"Non";"MaxEnt";"Avec blocs"
2;0,716235386885815;"A. indica";"Non";"MaxEnt";"Avec blocs"
3;0,714504466398783;"A. indica";"Non";"MaxEnt";"Avec blocs"
4;0,9328737886479;"A. indica";"Non";"MaxEnt";"Avec blocs"
5;0,807083492714817;"A. indica";"Non";"MaxEnt";"Avec blocs"
1;0,856659683741046;"A. indica";"Oui";"MaxEnt";"Avec blocs"
2;0,773913782626309;"A. indica";"Oui";"MaxEnt";"Avec blocs"
3;0,67504204558043;"A. indica";"Oui";"MaxEnt";"Avec blocs"
4;0,818868251038302;"A. indica";"Oui";"MaxEnt";"Avec blocs"
5;0,868515491880238;"A. indica";"Oui";"MaxEnt";"Avec blocs"
1;0,748965069363842;"C. pinnata";"Non";"MaxEnt";"Sans blocs"
2;0,731199652558876;"C. pinnata";"Non";"MaxEnt";"Sans blocs"
3;0,721878417741394;"C. pinnata";"Non";"MaxEnt";"Sans blocs"
4;0,73973891632392;"C. pinnata";"Non";"MaxEnt";"Sans blocs"
5;0,724611500992785;"C. pinnata";"Non";"MaxEnt";"Sans blocs"
1;0,774322942574476;"C. pinnata";"Oui";"MaxEnt";"Sans blocs"
2;0,764464338250746;"C. pinnata";"Oui";"MaxEnt";"Sans blocs"
3;0,755744512663916;"C. pinnata";"Oui";"MaxEnt";"Sans blocs"
4;0,776978417266187;"C. pinnata";"Oui";"MaxEnt";"Sans blocs"
5;0,751222520635164;"C. pinnata";"Oui";"MaxEnt";"Sans blocs"
1;0,745343028852408;"A. indica";"Non";"MaxEnt";"Sans blocs"
2;0,695212680976376;"A. indica";"Non";"MaxEnt";"Sans blocs"
3;0,698235667292191;"A. indica";"Non";"MaxEnt";"Sans blocs"
4;0,737918837425064;"A. indica";"Non";"MaxEnt";"Sans blocs"
5;0,709697351828499;"A. indica";"Non";"MaxEnt";"Sans blocs"
1;0,757358361301177;"A. indica";"Oui";"MaxEnt";"Sans blocs"
2;0,714880975512865;"A. indica";"Oui";"MaxEnt";"Sans blocs"
3;0,741756169840868;"A. indica";"Oui";"MaxEnt";"Sans blocs"
4;0,790565675849272;"A. indica";"Oui";"MaxEnt";"Sans blocs"
5;0,75431693989071;"A. indica";"Oui";"MaxEnt";"Sans blocs"
1;0,704172387490465;"C. pinnata";"Non";"RF";"Avec blocs"
2;0,711752844758985;"C. pinnata";"Non";"RF";"Avec blocs"
3;0,69590829036021;"C. pinnata";"Non";"RF";"Avec blocs"
4;0,709951853433762;"C. pinnata";"Non";"RF";"Avec blocs"
5;0,721413967631279;"C. pinnata";"Non";"RF";"Avec blocs"
1;0,701151571430151;"C. pinnata";"Oui";"RF";"Avec blocs"
2;0,713012877654612;"C. pinnata";"Oui";"RF";"Avec blocs"
3;0,697193710131325;"C. pinnata";"Oui";"RF";"Avec blocs"
4;0,712692060844785;"C. pinnata";"Oui";"RF";"Avec blocs"
5;0,726736869400902;"C. pinnata";"Oui";"RF";"Avec blocs"
1;0,728453305188729;"A. indica";"Non";"RF";"Avec blocs"
2;0,690498012474748;"A. indica";"Non";"RF";"Avec blocs"
3;0,692732034579247;"A. indica";"Non";"RF";"Avec blocs"
4;0,659831031267156;"A. indica";"Non";"RF";"Avec blocs"
5;0,709392974856965;"A. indica";"Non";"RF";"Avec blocs"
1;0,736047626605926;"A. indica";"Oui";"RF";"Avec blocs"
2;0,693139684164976;"A. indica";"Oui";"RF";"Avec blocs"
3;0,697597668242538;"A. indica";"Oui";"RF";"Avec blocs"
4;0,666930234594153;"A. indica";"Oui";"RF";"Avec blocs"
5;0,712507522138762;"A. indica";"Oui";"RF";"Avec blocs"
1;0,5147757;"C. pinnata";"Non";"RF";"Sans blocs"
2;0,517064;"C. pinnata";"Non";"RF";"Sans blocs"
3;0,5327162;"C. pinnata";"Non";"RF";"Sans blocs"
4;0,5174584;"C. pinnata";"Non";"RF";"Sans blocs"
5;0,5220895;"C. pinnata";"Non";"RF";"Sans blocs"
1;0,5148222;"C. pinnata";"Oui";"RF";"Sans blocs"
2;0,517068;"C. pinnata";"Oui";"RF";"Sans blocs"
3;0,5335355;"C. pinnata";"Oui";"RF";"Sans blocs"
4;0,5168693;"C. pinnata";"Oui";"RF";"Sans blocs"
5;0,5229177;"C. pinnata";"Oui";"RF";"Sans blocs"
1;0,5117356;"A. indica";"Non";"RF";"Sans blocs"
2;0,4970335;"A. indica";"Non";"RF";"Sans blocs"
3;0,5239375;"A. indica";"Non";"RF";"Sans blocs"
4;0,5219873;"A. indica";"Non";"RF";"Sans blocs"
5;0,5009919;"A. indica";"Non";"RF";"Sans blocs"
1;0,5141059;"A. indica";"Oui";"RF";"Sans blocs"
2;0,5019768;"A. indica";"Oui";"RF";"Sans blocs"
3;0,5255779;"A. indica";"Oui";"RF";"Sans blocs"
4;0,5222505;"A. indica";"Oui";"RF";"Sans blocs"
5;0,5070602;"A. indica";"Oui";"RF";"Sans blocs"
1;0,715107396721166;"C. pinnata";"Non";"SVM";"Avec blocs"
2;0,716771322609924;"C. pinnata";"Non";"SVM";"Avec blocs"
3;0,70416154107886;"C. pinnata";"Non";"SVM";"Avec blocs"
4;0,711719920542912;"C. pinnata";"Non";"SVM";"Avec blocs"
5;0,715381505289536;"C. pinnata";"Non";"SVM";"Avec blocs"
1;0,718537237864668;"C. pinnata";"Oui";"SVM";"Avec blocs"
2;0,717915586987551;"C. pinnata";"Oui";"SVM";"Avec blocs"
3;0,695699882068492;"C. pinnata";"Oui";"SVM";"Avec blocs"
4;0,70726944224107;"C. pinnata";"Oui";"SVM";"Avec blocs"
5;0,723567469815644;"C. pinnata";"Oui";"SVM";"Avec blocs"
1;0,745306762904687;"A. indica";"Non";"SVM";"Avec blocs"
2;0,704406329794125;"A. indica";"Non";"SVM";"Avec blocs"
3;0,697258825294087;"A. indica";"Non";"SVM";"Avec blocs"
4;0,665427128041294;"A. indica";"Non";"SVM";"Avec blocs"
5;0,719643702633436;"A. indica";"Non";"SVM";"Avec blocs"
1;0,726679512174249;"A. indica";"Oui";"SVM";"Avec blocs"
2;0,703266602187647;"A. indica";"Oui";"SVM";"Avec blocs"
3;0,705973347951781;"A. indica";"Oui";"SVM";"Avec blocs"
4;0,706630287900239;"A. indica";"Oui";"SVM";"Avec blocs"
5;0,713577116813851;"A. indica";"Oui";"SVM";"Avec blocs"
1;0,518732561290376;"C. pinnata";"Non";"SVM";"Sans blocs"
2;0,536066333659105;"C. pinnata";"Non";"SVM";"Sans blocs"
3;0,526737880564339;"C. pinnata";"Non";"SVM";"Sans blocs"
4;0,507440626659178;"C. pinnata";"Non";"SVM";"Sans blocs"
5;0,523669795600978;"C. pinnata";"Non";"SVM";"Sans blocs"
1;0,521372543116072;"C. pinnata";"Oui";"SVM";"Sans blocs"
2;0,522816530640686;"C. pinnata";"Oui";"SVM";"Sans blocs"
3;0,520778540235688;"C. pinnata";"Oui";"SVM";"Sans blocs"
4;0,516391247960042;"C. pinnata";"Oui";"SVM";"Sans blocs"
5;0,519309764496778;"C. pinnata";"Oui";"SVM";"Sans blocs"
1;0,517145516040412;"A. indica";"Non";"SVM";"Sans blocs"
2;0,508585597780631;"A. indica";"Non";"SVM";"Sans blocs"
3;0,510998244020898;"A. indica";"Non";"SVM";"Sans blocs"
4;0,508114476331674;"A. indica";"Non";"SVM";"Sans blocs"
5;0,510411382611491;"A. indica";"Non";"SVM";"Sans blocs"
1;0,527129151575528;"A. indica";"Oui";"SVM";"Sans blocs"
2;0,524207610290237;"A. indica";"Oui";"SVM";"Sans blocs"
3;0,503669313839776;"A. indica";"Oui";"SVM";"Sans blocs"
4;0,504623658466224;"A. indica";"Oui";"SVM";"Sans blocs"
5;0,494478181878636;"A. indica";"Oui";"SVM";"Sans blocs"
1;0,658782870484148;"P. africana";"Non";"bioclim";"Avec blocs"
2;0,606948387910909;"P. africana";"Non";"bioclim";"Avec blocs"
3;0,551927717303877;"P. africana";"Non";"bioclim";"Avec blocs"
4;0,490315398886827;"P. africana";"Non";"bioclim";"Avec blocs"
5;0,467990103675778;"P. africana";"Non";"bioclim";"Avec blocs"
1;0,639890022118457;"P. africana";"Oui";"bioclim";"Avec blocs"
2;0,563152249353271;"P. africana";"Oui";"bioclim";"Avec blocs"
3;0,706002109139007;"P. africana";"Oui";"bioclim";"Avec blocs"
4;0,642065553494125;"P. africana";"Oui";"bioclim";"Avec blocs"
5;0,607174835061263;"P. africana";"Oui";"bioclim";"Avec blocs"
1;0,700746658312448;"F. capensis";"Non";"bioclim";"Avec blocs"
2;0,660645749941135;"F. capensis";"Non";"bioclim";"Avec blocs"
3;0,617256170981337;"F. capensis";"Non";"bioclim";"Avec blocs"
4;0,540436305976829;"F. capensis";"Non";"bioclim";"Avec blocs"
5;0,688976881281296;"F. capensis";"Non";"bioclim";"Avec blocs"
1;0,628528352130326;"F. capensis";"Oui";"bioclim";"Avec blocs"
2;0,545115669884624;"F. capensis";"Oui";"bioclim";"Avec blocs"
3;0,633458759783263;"F. capensis";"Oui";"bioclim";"Avec blocs"
4;0,537137157617452;"F. capensis";"Oui";"bioclim";"Avec blocs"
5;0,670714514009731;"F. capensis";"Oui";"bioclim";"Avec blocs"
1;0,497574462310876;"P. africana";"Non";"bioclim";"Sans blocs"
2;0,471345186781609;"P. africana";"Non";"bioclim";"Sans blocs"
3;0,502454390847248;"P. africana";"Non";"bioclim";"Sans blocs"
4;0,465572101310933;"P. africana";"Non";"bioclim";"Sans blocs"
5;0,543949906699256;"P. africana";"Non";"bioclim";"Sans blocs"
1;0,614814437885881;"P. africana";"Oui";"bioclim";"Sans blocs"
2;0,596964798850575;"P. africana";"Oui";"bioclim";"Sans blocs"
3;0,5769847711812;"P. africana";"Oui";"bioclim";"Sans blocs"
4;0,594581265113911;"P. africana";"Oui";"bioclim";"Sans blocs"
5;0,557301111724355;"P. africana";"Oui";"bioclim";"Sans blocs"
1;0,568756319514661;"F. capensis";"Non";"bioclim";"Sans blocs"
2;0,582462590299278;"F. capensis";"Non";"bioclim";"Sans blocs"
3;0,614044928633218;"F. capensis";"Non";"bioclim";"Sans blocs"
4;0,579235963835249;"F. capensis";"Non";"bioclim";"Sans blocs"
5;0,528404441846873;"F. capensis";"Non";"bioclim";"Sans blocs"
1;0,515522600456877;"F. capensis";"Oui";"bioclim";"Sans blocs"
2;0,580553405572755;"F. capensis";"Oui";"bioclim";"Sans blocs"
3;0,610023788927336;"F. capensis";"Oui";"bioclim";"Sans blocs"
4;0,554309911820516;"F. capensis";"Oui";"bioclim";"Sans blocs"
5;0,571398305084746;"F. capensis";"Oui";"bioclim";"Sans blocs"
1;0,657362066846891;"P. africana";"Non";"domain";"Avec blocs"
2;0,650831282730772;"P. africana";"Non";"domain";"Avec blocs"
3;0,520960909432141;"P. africana";"Non";"domain";"Avec blocs"
4;0,524063079777366;"P. africana";"Non";"domain";"Avec blocs"
5;0,414585296889727;"P. africana";"Non";"domain";"Avec blocs"
1;0,597841914475301;"P. africana";"Oui";"domain";"Avec blocs"
2;0,636942393841883;"P. africana";"Oui";"domain";"Avec blocs"
3;0,480109746724579;"P. africana";"Oui";"domain";"Avec blocs"
4;0,654483611626469;"P. africana";"Oui";"domain";"Avec blocs"
5;0,39696041470311;"P. africana";"Oui";"domain";"Avec blocs"
1;0,64468201754386;"F. capensis";"Non";"domain";"Avec blocs"
2;0,589764834000471;"F. capensis";"Non";"domain";"Avec blocs"
3;0,743783865141481;"F. capensis";"Non";"domain";"Avec blocs"
4;0,561631416076315;"F. capensis";"Non";"domain";"Avec blocs"
5;0,606481054014702;"F. capensis";"Non";"domain";"Avec blocs"
1;0,518937969924812;"F. capensis";"Oui";"domain";"Avec blocs"
2;0,562826701200848;"F. capensis";"Oui";"domain";"Avec blocs"
3;0,69080373269115;"F. capensis";"Oui";"domain";"Avec blocs"
4;0,60881051635508;"F. capensis";"Oui";"domain";"Avec blocs"
5;0,573809439255655;"F. capensis";"Oui";"domain";"Avec blocs"
1;0,4513196281973;"P. africana";"Non";"domain";"Sans blocs"
2;0,452146192528736;"P. africana";"Non";"domain";"Sans blocs"
3;0,426165352504638;"P. africana";"Non";"domain";"Sans blocs"
4;0,464402761868398;"P. africana";"Non";"domain";"Sans blocs"
5;0,480209729559253;"P. africana";"Non";"domain";"Sans blocs"
1;0,4894412782414;"P. africana";"Oui";"domain";"Sans blocs"
2;0,490104166666667;"P. africana";"Oui";"domain";"Sans blocs"
3;0,457289734075448;"P. africana";"Oui";"domain";"Sans blocs"
4;0,439592083492427;"P. africana";"Oui";"domain";"Sans blocs"
5;0,481865489237562;"P. africana";"Oui";"domain";"Sans blocs"
1;0,554694229112834;"F. capensis";"Non";"domain";"Sans blocs"
2;0,542376160990712;"F. capensis";"Non";"domain";"Sans blocs"
3;0,602657331314879;"F. capensis";"Non";"domain";"Sans blocs"
4;0,542589853778323;"F. capensis";"Non";"domain";"Sans blocs"
5;0,470046756282876;"F. capensis";"Non";"domain";"Sans blocs"
1;0,522357038534996;"F. capensis";"Oui";"domain";"Sans blocs"
2;0,559487874097007;"F. capensis";"Oui";"domain";"Sans blocs"
3;0,601859861591695;"F. capensis";"Oui";"domain";"Sans blocs"
4;0,527214253822971;"F. capensis";"Oui";"domain";"Sans blocs"
5;0,457714786674459;"F. capensis";"Oui";"domain";"Sans blocs"
1;0,587947024177541;"P. africana";"Non";"GLM";"Avec blocs"
2;0,590799291583195;"P. africana";"Non";"GLM";"Avec blocs"
3;0,612911771845941;"P. africana";"Non";"GLM";"Avec blocs"
4;0,603456068586957;"P. africana";"Non";"GLM";"Avec blocs"
5;0,616477826816934;"P. africana";"Non";"GLM";"Avec blocs"
1;0,586186225273792;"P. africana";"Oui";"GLM";"Avec blocs"
2;0,630117069425492;"P. africana";"Oui";"GLM";"Avec blocs"
3;0,610849350347783;"P. africana";"Oui";"GLM";"Avec blocs"
4;0,575854139010253;"P. africana";"Oui";"GLM";"Avec blocs"
5;0,580369987417551;"P. africana";"Oui";"GLM";"Avec blocs"
1;0,623479442706128;"F. capensis";"Non";"GLM";"Avec blocs"
2;0,578023316512963;"F. capensis";"Non";"GLM";"Avec blocs"
3;0,573225811843608;"F. capensis";"Non";"GLM";"Avec blocs"
4;0,611835443468727;"F. capensis";"Non";"GLM";"Avec blocs"
5;0,607865368821018;"F. capensis";"Non";"GLM";"Avec blocs"
1;0,616576126785573;"F. capensis";"Oui";"GLM";"Avec blocs"
2;0,570431931040944;"F. capensis";"Oui";"GLM";"Avec blocs"
3;0,56758958052604;"F. capensis";"Oui";"GLM";"Avec blocs"
4;0,595858306310855;"F. capensis";"Oui";"GLM";"Avec blocs"
5;0,604805774420347;"F. capensis";"Oui";"GLM";"Avec blocs"
1;0,5258879562108;"P. africana";"Non";"GLM";"Sans blocs"
2;0,501440612124919;"P. africana";"Non";"GLM";"Sans blocs"
3;0,509225147803723;"P. africana";"Non";"GLM";"Sans blocs"
4;0,500178147105658;"P. africana";"Non";"GLM";"Sans blocs"
5;0,508810815334332;"P. africana";"Non";"GLM";"Sans blocs"
1;0,5222318923127;"P. africana";"Oui";"GLM";"Sans blocs"
2;0,494544576943905;"P. africana";"Oui";"GLM";"Sans blocs"
3;0,559427917261279;"P. africana";"Oui";"GLM";"Sans blocs"
4;0,503600215969107;"P. africana";"Oui";"GLM";"Sans blocs"
5;0,504350444973242;"P. africana";"Oui";"GLM";"Sans blocs"
1;0,492537238010596;"F. capensis";"Non";"GLM";"Sans blocs"
2;0,499741944021703;"F. capensis";"Non";"GLM";"Sans blocs"
3;0,507581690521199;"F. capensis";"Non";"GLM";"Sans blocs"
4;0,512358765856412;"F. capensis";"Non";"GLM";"Sans blocs"
5;0,50240245669843;"F. capensis";"Non";"GLM";"Sans blocs"
1;0,481469269363734;"F. capensis";"Oui";"GLM";"Sans blocs"
2;0,481218769222475;"F. capensis";"Oui";"GLM";"Sans blocs"
3;0,506481501485282;"F. capensis";"Oui";"GLM";"Sans blocs"
4;0,492864614465033;"F. capensis";"Oui";"GLM";"Sans blocs"
5;0,506250229538578;"F. capensis";"Oui";"GLM";"Sans blocs"
1;0,657362066846891;"P. africana";"Non";"mahal";"Avec blocs"
2;0,650831282730772;"P. africana";"Non";"mahal";"Avec blocs"
3;0,520960909432141;"P. africana";"Non";"mahal";"Avec blocs"
4;0,524063079777366;"P. africana";"Non";"mahal";"Avec blocs"
5;0,414585296889727;"P. africana";"Non";"mahal";"Avec blocs"
1;0,597841914475301;"P. africana";"Oui";"mahal";"Avec blocs"
2;0,636942393841883;"P. africana";"Oui";"mahal";"Avec blocs"
3;0,480109746724579;"P. africana";"Oui";"mahal";"Avec blocs"
4;0,654483611626469;"P. africana";"Oui";"mahal";"Avec blocs"
5;0,39696041470311;"P. africana";"Oui";"mahal";"Avec blocs"
1;0,600339390142022;"F. capensis";"Non";"mahal";"Avec blocs"
2;0,534527313397693;"F. capensis";"Non";"mahal";"Avec blocs"
3;0,643211920529801;"F. capensis";"Non";"mahal";"Avec blocs"
4;0,645440014321884;"F. capensis";"Non";"mahal";"Avec blocs"
5;0,618963741610142;"F. capensis";"Non";"mahal";"Avec blocs"
1;0,538257101086048;"F. capensis";"Oui";"mahal";"Avec blocs"
2;0,552775488580174;"F. capensis";"Oui";"mahal";"Avec blocs"
3;0,673871161950632;"F. capensis";"Oui";"mahal";"Avec blocs"
4;0,668623564614716;"F. capensis";"Oui";"mahal";"Avec blocs"
5;0,550175787492454;"F. capensis";"Oui";"mahal";"Avec blocs"
1;0,716390189293711;"P. africana";"Non";"mahal";"Sans blocs"
2;0,815122126436782;"P. africana";"Non";"mahal";"Sans blocs"
3;0,792304421768708;"P. africana";"Non";"mahal";"Sans blocs"
4;0,781786941580756;"P. africana";"Non";"mahal";"Sans blocs"
5;0,716661410286736;"P. africana";"Non";"mahal";"Sans blocs"
1;0,716339303887645;"P. africana";"Oui";"mahal";"Sans blocs"
2;0,836332614942529;"P. africana";"Oui";"mahal";"Sans blocs"
3;0,787221706864564;"P. africana";"Oui";"mahal";"Sans blocs"
4;0,742522591319842;"P. africana";"Oui";"mahal";"Sans blocs"
5;0,705281347735814;"P. africana";"Oui";"mahal";"Sans blocs"
1;0,750205969366738;"F. capensis";"Non";"mahal";"Sans blocs"
2;0,735352167182662;"F. capensis";"Non";"mahal";"Sans blocs"
3;0,733516706314879;"F. capensis";"Non";"mahal";"Sans blocs"
4;0,747160676414778;"F. capensis";"Non";"mahal";"Sans blocs"
5;0,700131502045587;"F. capensis";"Non";"mahal";"Sans blocs"
1;0,739907501029847;"F. capensis";"Oui";"mahal";"Sans blocs"
2;0,722877966976264;"F. capensis";"Oui";"mahal";"Sans blocs"
3;0,742897112889273;"F. capensis";"Oui";"mahal";"Sans blocs"
4;0,736152193325148;"F. capensis";"Oui";"mahal";"Sans blocs"
5;0,700613676212741;"F. capensis";"Oui";"mahal";"Sans blocs"
1;0,613662754976653;"P. africana";"Non";"MaxEnt";"Avec blocs"
2;0,600228721054956;"P. africana";"Non";"MaxEnt";"Avec blocs"
3;0,84905714336783;"P. africana";"Non";"MaxEnt";"Avec blocs"
4;0,669294990723562;"P. africana";"Non";"MaxEnt";"Avec blocs"
5;0,70949575871819;"P. africana";"Non";"MaxEnt";"Avec blocs"
1;0,596536311132956;"P. africana";"Oui";"MaxEnt";"Avec blocs"
2;0,521816833869645;"P. africana";"Oui";"MaxEnt";"Avec blocs"
3;0,789876132768513;"P. africana";"Oui";"MaxEnt";"Avec blocs"
4;0,819573283858998;"P. africana";"Oui";"MaxEnt";"Avec blocs"
5;0,647455230914232;"P. africana";"Oui";"MaxEnt";"Avec blocs"
1;0,777207341269841;"F. capensis";"Non";"MaxEnt";"Avec blocs"
2;0,652551801271486;"F. capensis";"Non";"MaxEnt";"Avec blocs"
3;0,668091511137869;"F. capensis";"Non";"MaxEnt";"Avec blocs"
4;0,593670238612823;"F. capensis";"Non";"MaxEnt";"Avec blocs"
5;0,714457189530878;"F. capensis";"Non";"MaxEnt";"Avec blocs"
1;0,740605419799499;"F. capensis";"Oui";"MaxEnt";"Avec blocs"
2;0,64604720979515;"F. capensis";"Oui";"MaxEnt";"Avec blocs"
3;0,624939795304034;"F. capensis";"Oui";"MaxEnt";"Avec blocs"
4;0,671724508324595;"F. capensis";"Oui";"MaxEnt";"Avec blocs"
5;0,688923612344188;"F. capensis";"Oui";"MaxEnt";"Avec blocs"
1;0,663952778343171;"P. africana";"Non";"MaxEnt";"Sans blocs"
2;0,704965876436782;"P. africana";"Non";"MaxEnt";"Sans blocs"
3;0,717706400742115;"P. africana";"Non";"MaxEnt";"Sans blocs"
4;0,692956917398498;"P. africana";"Non";"MaxEnt";"Sans blocs"
5;0,646554442955137;"P. africana";"Non";"MaxEnt";"Sans blocs"
1;0,723709206866137;"P. africana";"Oui";"MaxEnt";"Sans blocs"
2;0,761269755747126;"P. africana";"Oui";"MaxEnt";"Sans blocs"
3;0,767373995052566;"P. africana";"Oui";"MaxEnt";"Sans blocs"
4;0,762958190148912;"P. africana";"Oui";"MaxEnt";"Sans blocs"
5;0,693441351940918;"P. africana";"Oui";"MaxEnt";"Sans blocs"
1;0,677976257349362;"F. capensis";"Non";"MaxEnt";"Sans blocs"
2;0,671336429308566;"F. capensis";"Non";"MaxEnt";"Sans blocs"
3;0,667928200692042;"F. capensis";"Non";"MaxEnt";"Sans blocs"
4;0,663592476838933;"F. capensis";"Non";"MaxEnt";"Sans blocs"
5;0,675555230859147;"F. capensis";"Non";"MaxEnt";"Sans blocs"
1;0,719975283675992;"F. capensis";"Oui";"MaxEnt";"Sans blocs"
2;0,695691434468524;"F. capensis";"Oui";"MaxEnt";"Sans blocs"
3;0,705422794117647;"F. capensis";"Oui";"MaxEnt";"Sans blocs"
4;0,654230382855229;"F. capensis";"Oui";"MaxEnt";"Sans blocs"
5;0,705742255990649;"F. capensis";"Oui";"MaxEnt";"Sans blocs"
1;0,599732806901464;"P. africana";"Non";"RF";"Avec blocs"
2;0,595833051063432;"P. africana";"Non";"RF";"Avec blocs"
3;0,599088850891359;"P. africana";"Non";"RF";"Avec blocs"
4;0,614397348395478;"P. africana";"Non";"RF";"Avec blocs"
5;0,602123626622204;"P. africana";"Non";"RF";"Avec blocs"
1;0,588201562663832;"P. africana";"Oui";"RF";"Avec blocs"
2;0,612353098678332;"P. africana";"Oui";"RF";"Avec blocs"
3;0,595607063318662;"P. africana";"Oui";"RF";"Avec blocs"
4;0,610000653804717;"P. africana";"Oui";"RF";"Avec blocs"
5;0,595243880653112;"P. africana";"Oui";"RF";"Avec blocs"
1;0,579885025841088;"F. capensis";"Non";"RF";"Avec blocs"
2;0,594745084391857;"F. capensis";"Non";"RF";"Avec blocs"
3;0,580597529238713;"F. capensis";"Non";"RF";"Avec blocs"
4;0,609188880164975;"F. capensis";"Non";"RF";"Avec blocs"
5;0,586953402106517;"F. capensis";"Non";"RF";"Avec blocs"
1;0,579976560241512;"F. capensis";"Oui";"RF";"Avec blocs"
2;0,596371886335346;"F. capensis";"Oui";"RF";"Avec blocs"
3;0,577976781324254;"F. capensis";"Oui";"RF";"Avec blocs"
4;0,605869461783997;"F. capensis";"Oui";"RF";"Avec blocs"
5;0,589518632839647;"F. capensis";"Oui";"RF";"Avec blocs"
1;0,5298637;"P. africana";"Non";"RF";"Sans blocs"
2;0,4768055;"P. africana";"Non";"RF";"Sans blocs"
3;0,5116138;"P. africana";"Non";"RF";"Sans blocs"
4;0,517701;"P. africana";"Non";"RF";"Sans blocs"
5;0,5257667;"P. africana";"Non";"RF";"Sans blocs"
1;0,5276778;"P. africana";"Oui";"RF";"Sans blocs"
2;0,465924;"P. africana";"Oui";"RF";"Sans blocs"
3;0,5085471;"P. africana";"Oui";"RF";"Sans blocs"
4;0,5237423;"P. africana";"Oui";"RF";"Sans blocs"
5;0,5317538;"P. africana";"Oui";"RF";"Sans blocs"
1;0,5199832;"F. capensis";"Non";"RF";"Sans blocs"
2;0,5170459;"F. capensis";"Non";"RF";"Sans blocs"
3;0,5050162;"F. capensis";"Non";"RF";"Sans blocs"
4;0,515646;"F. capensis";"Non";"RF";"Sans blocs"
5;0,5326883;"F. capensis";"Non";"RF";"Sans blocs"
1;0,5031792;"F. capensis";"Oui";"RF";"Sans blocs"
2;0,5048332;"F. capensis";"Oui";"RF";"Sans blocs"
3;0,5052144;"F. capensis";"Oui";"RF";"Sans blocs"
4;0,5114401;"F. capensis";"Oui";"RF";"Sans blocs"
5;0,5313509;"F. capensis";"Oui";"RF";"Sans blocs"
1;0,594739296909744;"P. africana";"Non";"SVM";"Avec blocs"
2;0,602232029085091;"P. africana";"Non";"SVM";"Avec blocs"
3;0,574231869372935;"P. africana";"Non";"SVM";"Avec blocs"
4;0,636141756233175;"P. africana";"Non";"SVM";"Avec blocs"
5;0,655773426207842;"P. africana";"Non";"SVM";"Avec blocs"
1;0,588208070750129;"P. africana";"Oui";"SVM";"Avec blocs"
2;0,581010493988458;"P. africana";"Oui";"SVM";"Avec blocs"
3;0,591139714807426;"P. africana";"Oui";"SVM";"Avec blocs"
4;0,590161091797025;"P. africana";"Oui";"SVM";"Avec blocs"
5;0,638018794018271;"P. africana";"Oui";"SVM";"Avec blocs"
1;0,56158191141208;"F. capensis";"Non";"SVM";"Avec blocs"
2;0,605161488937372;"F. capensis";"Non";"SVM";"Avec blocs"
3;0,600620711912526;"F. capensis";"Non";"SVM";"Avec blocs"
4;0,564567296953993;"F. capensis";"Non";"SVM";"Avec blocs"
5;0,600738499444941;"F. capensis";"Non";"SVM";"Avec blocs"
1;0,577540760326442;"F. capensis";"Oui";"SVM";"Avec blocs"
2;0,571235561028496;"F. capensis";"Oui";"SVM";"Avec blocs"
3;0,574883829474269;"F. capensis";"Oui";"SVM";"Avec blocs"
4;0,60452839200939;"F. capensis";"Oui";"SVM";"Avec blocs"
5;0,607864917553408;"F. capensis";"Oui";"SVM";"Avec blocs"
1;0,516878645068217;"P. africana";"Non";"SVM";"Sans blocs"
2;0,489745706845092;"P. africana";"Non";"SVM";"Sans blocs"
3;0,543792870920696;"P. africana";"Non";"SVM";"Sans blocs"
4;0,499405262739574;"P. africana";"Non";"SVM";"Sans blocs"
5;0,5458677273718;"P. africana";"Non";"SVM";"Sans blocs"
1;0,525349717630915;"P. africana";"Oui";"SVM";"Sans blocs"
2;0,500479411462244;"P. africana";"Oui";"SVM";"Sans blocs"
3;0,512818856148164;"P. africana";"Oui";"SVM";"Sans blocs"
4;0,510526575437077;"P. africana";"Oui";"SVM";"Sans blocs"
5;0,515545813828472;"P. africana";"Oui";"SVM";"Sans blocs"
1;0,452645302619436;"F. capensis";"Non";"SVM";"Sans blocs"
2;0,484727644338575;"F. capensis";"Non";"SVM";"Sans blocs"
3;0,477580070213341;"F. capensis";"Non";"SVM";"Sans blocs"
4;0,47601198777977;"F. capensis";"Non";"SVM";"Sans blocs"
5;0,497186775187798;"F. capensis";"Non";"SVM";"Sans blocs"
1;0,477697619963528;"F. capensis";"Oui";"SVM";"Sans blocs"
2;0,491713045673212;"F. capensis";"Oui";"SVM";"Sans blocs"
3;0,479645962732919;"F. capensis";"Oui";"SVM";"Sans blocs"
4;0,508094760742512;"F. capensis";"Oui";"SVM";"Sans blocs"
5;0,528178014583116;"F. capensis";"Oui";"SVM";"Sans blocs"
